fonte,tipo_fonte,issn,isbn,ano,indexado,metodo
2025 IEEE Conference on Cognitive and Computational Aspects of Situation Management (CogSIMA),conferencia,2379-1675,979-8-3315-3308-3,2025,True,ISBN
"2021 International Conference on Electrical, Computer and Energy Technologies (ICECET)",conferencia,,978-1-6654-4231-2,2021,True,ISBN
2022 IEEE Sixth Ecuador Technical Chapters Meeting (ETCM),conferencia,,978-1-6654-8744-3,2022,True,ISBN
"2023 14th International Conference on Information, Intelligence, Systems & Applications (IISA)",conferencia,,979-8-3503-1806-7,2023,True,ISBN
"2019 42nd International Convention on Information and Communication Technology, Electronics and Microelectronics (MIPRO)",conferencia,2623-8764,978-953-233-098-4,2019,True,ISBN
2020 1st International Conference on Big Data Analytics and Practices (IBDAP),conferencia,,978-1-7281-8106-6,2020,True,ISBN
IEEE Access,periodico,2169-3536,,2023,True,ISSN
"2018 41st International Convention on Information and Communication Technology, Electronics and Microelectronics (MIPRO)",conferencia,,978-953-233-095-3,2018,False,
2021 IEEE International Conference on Big Data (Big Data),conferencia,,978-1-6654-3902-2,2021,True,ISBN
IEEE Technology and Society Magazine,periodico,1937-416X,,2024,True,ISSN
2022 Tenth International Conference on Advanced Cloud and Big Data (CBD),conferencia,,979-8-3503-0971-3,2022,True,ISBN
2024 IEEE International Workshop on Metrology for Living Environment (MetroLivEnv),conferencia,,979-8-3503-8501-4,2024,True,ISBN
2022 30th Telecommunications Forum (TELFOR),conferencia,,978-1-6654-7273-9,2022,True,ISBN
2020 International Conference on Big Data & Artificial Intelligence & Software Engineering (ICBASE),conferencia,,978-1-7281-9619-0,2020,True,ISBN
2025 IEEE International Conference on Unmanned Systems (ICUS),conferencia,2771-7372,979-8-3315-2672-6,2025,True,ISBN
2025 5th International Conference on Soft Computing for Security Applications (ICSCSA),conferencia,,979-8-3315-9491-6,2025,True,ISBN
"6th International Conference on Signal Processing, 2002.",conferencia,,0-7803-7488-6,2002,True,ISBN
"2025 17th International Conference on Advanced Technologies, Systems and Services in Telecommunications (TELSIKS)",conferencia,2995-0651,979-8-3315-4416-4,2025,False,
Proceedings of the Fifth International Conference on Information Fusion. FUSION 2002. (IEEE Cat.No.02EX5997),conferencia,,0-9721844-1-4,2002,False,
2025 IEEE Latin Conference on IoT (LCIoT),conferencia,,979-8-3315-1118-0,2025,True,ISBN
2024 IEEE 4th International Conference on ICT in Business Industry & Government (ICTBIG),conferencia,,979-8-3315-1898-1,2024,True,ISBN
"Conference Record of the Thirty-Third Asilomar Conference on Signals, Systems, and Computers (Cat. No.CH37020)",conferencia,1058-6393,0-7803-5700-0,1999,True,ISSN_SERIE
"2025 International Conference on Quantum Photonics, Artificial Intelligence, and Networking (QPAIN)",conferencia,,979-8-3315-9694-1,2025,True,TITULO_FUZZY_ANO(95)
2025 16th International Conference on Information and Communication Technology Convergence (ICTC),conferencia,2162-1241,979-8-3315-5678-5,2025,True,ISBN
"Proceedings of 2013 2nd International Conference on Measurement, Information and Control",conferencia,,978-1-4799-1392-3,2013,False,
2025 International Conference on Military Technologies (ICMT),conferencia,2996-4474,979-8-3315-2338-1,2025,True,ISBN
16th DASC. AIAA/IEEE Digital Avionics Systems Conference. Reflections to the Future. Proceedings,conferencia,,0-7803-4150-3,1997,False,
IEEE Transactions on Aerospace and Electronic Systems,periodico,1557-9603,,1991,True,ISSN
Proceedings of 1st International Conference on Conventional and Knowledge Based Intelligent Electronic Systems. KES '97,conferencia,,0-7803-3755-7,1997,False,
2023 International Conference on Artificial Intelligence and Applications (ICAIA) Alliance Technology Conference (ATCON-1),conferencia,,978-1-6654-5627-2,2023,True,ISBN
IEEE Security & Privacy,periodico,1558-4046,,2015,True,ISSN
2018 21st International Conference on Information Fusion (FUSION),conferencia,,978-0-9964527-6-2,2018,True,ISBN
2015 Annual IEEE Systems Conference (SysCon) Proceedings,conferencia,,978-1-4799-5927-3,2015,True,ISBN
2025 Joint International Conference on Automation-Intelligence-Safety (ICAIS) & International Symposium on Autonomous Systems (ISAS),conferencia,2996-3850,979-8-3315-4470-6,2025,True,ISBN
"2025 1st International Conference on Secure IoT, Assured and Trusted Computing (SATC)",conferencia,,979-8-3315-1420-4,2025,True,ISBN
2009 International Conference on Computational Intelligence and Software Engineering,conferencia,,978-1-4244-4507-3,2009,False,
2025 Global Conference on Information Technology and Communication Networks (GITCON),conferencia,,979-8-3315-3348-9,2025,True,ISBN
2019 International Conference on Military Communications and Information Systems (ICMCIS),conferencia,,978-1-5386-9383-4,2019,True,ISBN
2021 IEEE/AIAA 40th Digital Avionics Systems Conference (DASC),conferencia,2155-7209,978-1-6654-3420-1,2021,True,ISBN
"2006 International Conference on Communications, Circuits and Systems",conferencia,,0-7803-9584-0,2006,False,
"The Proceedings of the Multiconference on ""Computational Engineering in Systems Applications""",conferencia,,7-302-13922-9,2006,False,
MILCOM 2012 - 2012 IEEE Military Communications Conference,conferencia,2155-7586,978-1-4673-1731-3,2012,True,ISSN_SERIE
2025 International Conference on Digital Innovations for Sustainable Solutions (ICDISS),conferencia,,979-8-3315-5641-9,2025,True,ISBN
[1990] Proceedings. Second IEEE Workshop on Future Trends of Distributed Computing Systems,conferencia,,0-8186-2088-9,1990,False,
2015 IEEE Conference on Prognostics and Health Management (PHM),conferencia,,978-1-4799-1894-2,2015,False,
Proceedings of the Third International Conference on Information Fusion,conferencia,,2-7257-0000-0,2000,False,
2024 Winter Simulation Conference (WSC),conferencia,1558-4305,979-8-3315-3420-2,2024,True,ISBN
2023 International Wireless Communications and Mobile Computing (IWCMC),conferencia,2376-6506,979-8-3503-3339-8,2023,True,ISBN
2025 IEEE European Technology and Engineering Management Summit (E-TEMS),conferencia,2836-7588,979-8-3315-1150-0,2025,True,TITULO_FUZZY_ANO(96)
"Proceedings of 7th International Workshop on Enterprise networking and Computing in Healthcare Industry, 2005. HEALTHCOM 2005.",conferencia,,0-7803-8940-9,2005,True,TITULO_FUZZY_ANO(96)
"IEEE-International Conference On Advances In Engineering, Science And Management (ICAESM -2012)",conferencia,,978-81-909042-2-3,2012,True,TITULO_EXATO_ANO
2024 36th Conference of Open Innovations Association (FRUCT),conferencia,2305-7254,978-952-65246-2-7,2024,True,ISBN
2024 6th Novel Intelligent and Leading Emerging Sciences Conference (NILES),conferencia,,979-8-3503-7851-1,2024,True,ISBN
"Proceedings of ICSSSM '05. 2005 International Conference on Services Systems and Services Management, 2005.",conferencia,2161-1904,0-7803-8971-9,2005,True,TITULO_FUZZY_ANO(98)
IEEE Transactions on Big Data,periodico,2332-7790,,2025,True,ISSN
MILCOM 2018 - 2018 IEEE Military Communications Conference (MILCOM),conferencia,2155-7586,978-1-5386-7185-6,2018,True,ISBN
2017 Progress in Electromagnetics Research Symposium - Fall (PIERS - FALL),conferencia,,978-1-5386-1211-8,2017,True,ISBN
2006 IEEE Aerospace Conference,conferencia,1095-323X,0-7803-9545-X,2006,True,ISSN_SERIE
2017 International Conference on Computing Networking and Informatics (ICCNI),conferencia,,978-1-5090-4642-3,2017,True,ISBN
2014 Global Summit on Computer & Information Technology (GSCIT),conferencia,,978-1-4799-5627-2,2014,True,TITULO_FUZZY_ANO(97)
2024 International Conference on Telecommunications and Power Electronics (TELEPE),conferencia,,979-8-3503-6921-2,2024,True,ISBN
2025 International Conference on Information Management and Computing Technology (ICIMCT),conferencia,,979-8-3315-8501-3,2025,True,ISBN
2024 Beyond Technology Summit on Informatics International Conference (BTS-I2C),conferencia,,979-8-3315-0857-9,2024,True,ISBN
2016 3rd International Conference on Information Science and Control Engineering (ICISCE),conferencia,,978-1-5090-2535-0,2016,True,ISBN
2025 11th International Conference on Communication and Signal Processing (ICCSP),conferencia,2836-1873,978-1-6654-5736-1,2025,True,ISBN
2023 IEEE 18th International Conference on Computer Science and Information Technologies (CSIT),conferencia,2766-3639,979-8-3503-6046-2,2023,True,ISBN
2025 2nd International Symposium on AI and Cybersecurity (ISAICS),conferencia,,979-8-3315-5490-3,2025,True,ISBN
2025 3rd International Conference on Business Analytics for Technology and Security (ICBATS),conferencia,,979-8-3315-3827-9,2025,True,ISBN
"2018 5th International Conference on Electrical Engineering, Computer Science and Informatics (EECSI)",conferencia,,978-1-5386-8402-3,2018,True,ISBN
2025 5th International Conference on Artificial Intelligence and Industrial Technology Applications (AIITA),conferencia,,979-8-3315-0976-7,2025,True,ISBN
"2025 Asia-Europe Conference on Cybersecurity, Internet of Things and Soft Computing (CITSC)",conferencia,,979-8-3315-0420-5,2025,True,ISBN
2025 9th International Symposium on Multidisciplinary Studies and Innovative Technologies (ISMSIT),conferencia,2770-7962,979-8-3315-9753-5,2025,True,ISBN
"2025 IEEE 7th International Conference on Computing, Communication and Automation (ICCCA)",conferencia,,979-8-3315-6980-8,2025,True,ISBN
2025 Tenth International Conference on Science Technology Engineering and Mathematics (ICONSTEM),conferencia,2996-2986,979-8-3315-6187-1,2025,True,ISBN
2022 International Conference on Data Science and Intelligent Computing (ICDSIC),conferencia,,979-8-3503-3488-3,2022,True,ISBN
2024 8th International Conference on Business and Information Management (ICBIM),conferencia,,979-8-3503-7909-9,2024,True,ISBN
2025 8th International Conference on Enterprise Systems (ES),conferencia,2572-6609,979-8-3315-8890-8,2025,True,ISBN
2025 3rd International Conference on Intelligent Cyber Physical Systems and Internet of Things (ICoICI),conferencia,,978-1-6654-5753-8,2025,True,ISBN
"2025 IEEE International Conference on Electronics, Energy Systems and Power Engineering (EESPE)",conferencia,,979-8-3503-8957-9,2025,True,ISBN
2024 14th International Conference on Information Technology in Medicine and Education (ITME),conferencia,2474-3828,979-8-3503-5667-0,2024,True,ISBN
2016 Third International Conference on Systems of Collaboration (SysCo),conferencia,,978-1-5090-4926-4,2016,True,ISBN
2025 IEEE Silchar Subsection Conference (SILCON),conferencia,,979-8-3315-7727-8,2025,True,ISBN
"2025 International Conference on Computational, Communication and Information Technology (ICCCIT)",conferencia,,979-8-3315-1296-5,2025,True,ISBN
2010 Second International Conference on Computational Intelligence and Natural Computing,conferencia,,978-1-4244-7706-7,2010,False,
IEEE Transactions on Consumer Electronics,periodico,1558-4127,,2025,True,ISSN
2025 28th International Conference on Information Fusion (FUSION),conferencia,,978-1-0370-5623-9,2025,True,ISBN
2024 International Conference on Emerging Innovations and Advanced Computing (INNOCOMP),conferencia,,979-8-3503-7647-0,2024,True,ISBN
2025 5th International Conference on Evolutionary Computing and Mobile Sustainable Networks (ICECMSN),conferencia,,979-8-3315-8242-5,2025,True,ISBN
2024 7th International Conference on Mechatronics and Computer Technology Engineering (MCTE),conferencia,,979-8-3503-9095-7,2024,True,ISBN
2025 4th OPJU International Technology Conference (OTCON) on Smart Computing for Innovation and Advancement in Industry 5.0,conferencia,,979-8-3315-3536-0,2025,True,ISBN
2025 1st International Conference on Computational Intelligence Approaches and Applications (ICCIAA),conferencia,,979-8-3315-2365-7,2025,True,ISBN
2025 20th International Joint Symposium on Artificial Intelligence and Natural Language Processing (iSAI-NLP),conferencia,2831-4565,979-8-3315-0217-1,2025,True,ISBN
2025 2nd International Conference on Telecommunications and Power Electronics (TELEPE),conferencia,,979-8-3315-2467-8,2025,True,ISBN
2010 International Conference on Intelligent Control and Information Processing,conferencia,,978-1-4244-7050-1,2010,False,
2025 International Conference on Artificial Intelligence and Machine Vision (AIMV),conferencia,,979-8-3315-2697-9,2025,True,ISBN
2018 International Colloquium on Logistics and Supply Chain Management (LOGISTIQUA),conferencia,2166-7373,978-1-5386-7837-4,2018,True,ISBN
2025 International Conference on Computing and Communications (COMPUTINGCON),conferencia,,979-8-3315-2253-7,2025,True,ISBN
2025 2nd International Conference on Electronic Circuits and Signaling Technologies (ICECST),conferencia,,979-8-3315-9481-7,2025,True,ISBN
"2024 International Conference on Distributed Systems, Computer Networks and Cybersecurity (ICDSCNC)",conferencia,,979-8-3503-7544-2,2024,True,ISBN
2025 6th International Conference for Emerging Technology (INCET),conferencia,2996-4490,979-8-3315-3103-4,2025,True,ISBN
"2020 International Conference on Computer Network, Electronic and Automation (ICCNEA)",conferencia,,978-1-7281-7083-1,2020,True,ISBN
2024 IEEE 6th International Conference on Civil Aviation Safety and Information Technology (ICCASIT),conferencia,,979-8-3503-8941-8,2024,True,ISBN
2025 International Conference on Sustainable Communication Networks and Application (ICSCN),conferencia,,979-8-3315-9420-6,2025,True,ISBN
2024 9th International Symposium on Computer and Information Processing Technology (ISCIPT),conferencia,,979-8-3503-8840-4,2024,True,ISBN
2025 10th International Conference on Cyber Security and Information Engineering (ICCSIE),conferencia,,979-8-3315-8572-3,2025,True,ISBN
2024 2nd International Conference on Emerging Trends in Engineering and Medical Sciences (ICETEMS),conferencia,,979-8-3315-2935-2,2024,True,ISBN
2024 IEEE 7th International Conference on Information Systems and Computer Aided Education (ICISCAE),conferencia,2770-663X,979-8-3503-5076-0,2024,True,ISBN
2025 4th International Conference on Applied Artificial Intelligence and Computing (ICAAIC),conferencia,,979-8-3315-6587-9,2025,True,ISBN
2024 3rd International Conference on Electronics and Information Technology (EIT),conferencia,,979-8-3503-6915-1,2024,True,ISBN
2013 IEEE International Conference on Technologies for Homeland Security (HST),conferencia,,978-1-4799-1535-4,2013,True,TITULO_FUZZY_ANO(97)
2025 5th Asia-Pacific Conference on Communications Technology and Computer Science (ACCTCS),conferencia,,979-8-3315-2463-0,2025,True,ISBN
"2025 First International Conference on Advances in Computer Science, Electrical, Electronics, and Communication Technologies (CE2CT)",conferencia,,979-8-3315-1857-8,2025,True,ISBN
"2025 IEEE International Students' Conference on Electrical, Electronics and Computer Science (SCEECS)",conferencia,2688-0288,979-8-3315-2983-3,2025,True,ISBN
2025 24th RoEduNet Conference: Networking in Education and Research (RoEduNet),conferencia,2247-5443,979-8-3315-5713-3,2025,True,ISBN
2021 Twelfth International Conference on Ubiquitous and Future Networks (ICUFN),conferencia,2165-8536,978-1-7281-6476-2,2021,True,ISBN
2024 International Conference on Sustainable Communication Networks and Application (ICSCNA),conferencia,,979-8-3315-3001-3,2024,True,ISBN
2018 IEEE 42nd Annual Computer Software and Applications Conference (COMPSAC),conferencia,0730-3157,978-1-5386-2667-2,2018,True,ISSN_SERIE
2018 IEEE Real-Time and Embedded Technology and Applications Symposium (RTAS),conferencia,,978-1-5386-5295-4,2018,True,ISBN
2025 IEEE 7th International Conference on Civil Aviation Safety and Information Technology (ICCASIT),conferencia,,979-8-3315-0374-1,2025,True,ISBN
2025 International Conference on Recent Innovation in Science Engineering and Technology (ICRISET),conferencia,,979-8-3315-5833-8,2025,True,ISBN
2025 International Conference on Intelligent Computing and Knowledge Extraction (ICICKE),conferencia,,979-8-3315-3681-7,2025,True,ISBN
2024 IEEE 2nd International Conference on Innovations in High Speed Communication and Signal Processing (IHCSP),conferencia,,979-8-3503-6894-9,2024,True,ISBN
2025 5th International Conference on Intelligent Communications and Computing (ICICC),conferencia,,979-8-3315-4922-0,2025,True,ISBN
2025 IEEE International Conference on Artificial Intelligence in Engineering and Technology (IICAIET),conferencia,,979-8-3315-5451-4,2025,True,ISBN
"2024 International Conference on IoT, Communication and Automation Technology (ICICAT)",conferencia,,979-8-3503-6810-9,2024,True,ISBN
2025 IEEE International Conference on Industrial Technology & Computer Engineering (ICITCE),conferencia,,979-8-3315-1540-9,2025,True,ISBN
"2024 International Conference on Advances in Computing, Communication and Materials (ICACCM)",conferencia,2642-7354,979-8-3503-6797-3,2024,True,ISBN
2024 IEEE International Conference on Big Data (BigData),conferencia,2573-2978,979-8-3503-6248-0,2024,True,ISBN
2011 Annual International Conference of the IEEE Engineering in Medicine and Biology Society,conferencia,1558-4615,978-1-4577-1589-1,2011,False,
2025 12th International Conference on Emerging Trends in Engineering & Technology - Signal and Information Processing (ICETET - SIP),conferencia,2157-0485,979-8-3315-0099-3,2025,True,ISBN
2024 6th International Academic Exchange Conference on Science and Technology Innovation (IAECST),conferencia,,979-8-3315-0713-8,2024,True,ISBN
2025 10th Asia Conference on Power and Electrical Engineering (ACPEE),conferencia,2996-2951,979-8-3315-0407-6,2025,True,ISBN
2012 4th International Conference on Intelligent Human Computer Interaction (IHCI),conferencia,,978-1-4673-4369-5,2012,False,
2019 8th International Conference on Agro-Geoinformatics (Agro-Geoinformatics),conferencia,,978-1-7281-2116-1,2019,True,ISBN
2025 IEEE Pune Section International Conference (PuneCon),conferencia,2831-5022,979-8-3315-8834-2,2025,True,ISBN
2012 Proceedings of the 35th International Convention MIPRO,conferencia,,978-953-233-068-7,2012,False,
2025 IEEE 29th International Conference on Intelligent Engineering Systems (INES),conferencia,1543-9259,979-8-3315-9771-9,2025,False,
2023 Computing in Cardiology (CinC),conferencia,2325-887X,979-8-3503-8252-5,2023,True,ISBN
2023 International Conference on Computer Science and Emerging Technologies (CSET),conferencia,,979-8-3503-4173-7,2023,True,ISBN
"2025 4th International Conference on Automation, Computing and Renewable Systems (ICACRS)",conferencia,,979-8-3315-4886-5,2025,True,ISBN
"2025 6th International Conference on Artificial Intelligence, Robotics and Control (AIRC)",conferencia,,979-8-3315-4348-8,2025,True,ISBN
2016 IEEE International Conference on Multisensor Fusion and Integration for Intelligent Systems (MFI),conferencia,,978-1-4673-9708-7,2016,True,ISBN
2023 4th International Conference on Smart Electronics and Communication (ICOSEC),conferencia,,979-8-3503-0088-8,2023,True,ISBN
2024 Asian Conference on Intelligent Technologies (ACOIT),conferencia,,979-8-3503-7495-7,2024,True,TITULO_FUZZY_ANO(96)
2025 IEEE 4th International Conference on Intelligent Reality (ICIR),conferencia,,979-8-3315-6976-1,2025,True,ISBN
2025 IEEE 13th International Conference on Intelligent Data Acquisition and Advanced Computing Systems: Technology and Applications (IDAACS),conferencia,2770-4254,979-8-3315-8045-2,2025,True,ISBN
2025 International Conference on Advances in Next-Gen Computer Science (ICANCS),conferencia,,979-8-3315-9647-7,2025,True,ISBN
"2025 International Conference on Advancements in Smart, Secure and Intelligent Computing (ASSIC)",conferencia,,979-8-3315-2302-2,2025,True,ISBN
2023 International Conference on Information and Communication Technologies for Disaster Management (ICT-DM),conferencia,2643-6868,979-8-3503-1951-4,2023,True,ISBN
2020 IEEE 14th International Conference on Application of Information and Communication Technologies (AICT),conferencia,2472-8586,978-1-7281-7386-3,2020,False,
2025 International Conference on Next Generation Computing Systems (ICNGCS),conferencia,,979-8-3315-9116-8,2025,True,ISBN
2024 19th International Workshop on Semantic and Social Media Adaptation & Personalization (SMAP),conferencia,,979-8-3315-0450-2,2024,True,ISBN
2025 IEEE International Conference on Advanced Computing Technologies (ICACT),conferencia,,979-8-3315-9002-4,2025,True,ISBN
"2025 International Conference on Intelligent Control, Computing and Communications (IC3)",conferencia,,979-8-3315-2749-5,2025,True,ISBN
"2023 5th International Conference on Intelligent Control, Measurement and Signal Processing (ICMSP)",conferencia,,979-8-3503-3603-0,2023,True,ISBN
2018 IEEE Symposium on Computers and Communications (ISCC),conferencia,1530-1346,978-1-5386-6950-1,2018,True,ISBN
2023 International Conference on Integrated Intelligence and Communication Systems (ICIICS),conferencia,,979-8-3503-1545-5,2023,True,ISBN
2024 11th International Conference on Signal Processing and Integrated Networks (SPIN),conferencia,2688-769X,979-8-3503-0843-3,2024,True,ISBN
2025 6th International Conference on Inventive Research in Computing Applications (ICIRCA),conferencia,,979-8-3315-2142-4,2025,True,ISBN
2025 Advanced Computing and Communication Technologies for High Performance Applications (ACCTHPA),conferencia,,979-8-3315-4437-9,2025,True,ISBN
2025 IEEE 4th International Conference for Advancement in Technology (ICONAT),conferencia,,979-8-3315-9573-9,2025,True,ISBN
2011 International Conference on Business Computing and Global Informatization,conferencia,2378-895X,978-1-4577-0788-9,2011,False,
"2023 IEEE 20th International Conference on Smart Communities: Improving Quality of Life using AI, Robotics and IoT (HONET)",conferencia,1949-4106,979-8-3503-3111-0,2023,True,ISBN
2021 International Bhurban Conference on Applied Sciences and Technologies (IBCAST),conferencia,2151-1411,978-1-6654-0516-4,2021,False,
"2024 International Conference on Electrical Drives, Power Electronics & Engineering (EDPEE)",conferencia,,979-8-3503-9563-1,2024,True,ISBN
2025 International Conference on Innovations and Emerging Technologies In AI & Communication Systems (IETACS),conferencia,,979-8-3315-7073-6,2025,True,ISBN
"2024 IEEE International Conference on Metaverse Computing, Networking, and Applications (MetaCom)",conferencia,,979-8-3315-1599-7,2024,True,ISBN
2021 3rd International Academic Exchange Conference on Science and Technology Innovation (IAECST),conferencia,,978-1-6654-0267-5,2021,True,ISBN
2024 Second International Conference Computational and Characterization Techniques in Engineering & Sciences (IC3TES),conferencia,,979-8-3503-6469-9,2024,True,ISBN
"2021 IEEE 11th Annual International Conference on CYBER Technology in Automation, Control, and Intelligent Systems (CYBER)",conferencia,2642-6633,978-1-6654-2527-8,2021,True,ISBN
"2024 International Conference on Innovative Computing, Intelligent Communication and Smart Electrical Systems (ICSES)",conferencia,,979-8-3315-4362-4,2024,False,
"2024 International Conference on Electronics and Devices, Computational Science (ICEDCS)",conferencia,,979-8-3315-2762-4,2024,True,ISBN
IEEE Transactions on Intelligent Transportation Systems,periodico,1558-0016,,2022,True,ISSN
"2025 International Conference on Data Science, Agents & Artificial Intelligence (ICDSAAI)",conferencia,,979-8-3315-3755-5,2025,True,ISBN
17th International Conference on Information Fusion (FUSION),conferencia,,978-8-4901-2355-3,2014,True,ISBN
"2025 International Conference on Control, Automation, and Instrumentation (IC2AI)",conferencia,,979-8-3315-2960-4,2025,True,ISBN
2014 International Conference on Connected Vehicles and Expo (ICCVE),conferencia,2378-1297,978-1-4799-6729-2,2014,True,ISBN
2025 IEEE International Conference on Industrial Technology (ICIT),conferencia,2643-2978,979-8-3315-2195-0,2025,True,ISBN
2025 33rd Signal Processing and Communications Applications Conference (SIU),conferencia,2165-0608,979-8-3315-6655-5,2025,True,ISBN
2010 International Conference on Intelligent Computation Technology and Automation,conferencia,,978-1-4244-7280-2,2010,False,
2020 IEEE Texas Symposium on Wireless and Microwave Circuits and Systems (WMCS),conferencia,,978-1-7281-6192-1,2020,True,ISBN
2025 World Skills Conference on Universal Data Analytics and Sciences (WorldSUAS),conferencia,,979-8-3315-3925-2,2025,True,ISBN
2024 10th International Conference on Applied System Innovation (ICASI),conferencia,2768-4156,979-8-3503-9492-4,2024,True,ISBN
2010 International Conference on Management and Service Science,conferencia,,978-1-4244-5325-2,2010,False,
IEEE Transactions on Circuits and Systems I: Regular Papers,periodico,1558-0806,,2026,True,ISSN
2023 IEEE 8th International Conference on Smart Cloud (SmartCloud),conferencia,,979-8-3503-1350-5,2023,True,ISBN
IEEE Internet of Things Magazine,periodico,2576-3199,,2025,True,ISSN
2025 IEEE PES/IAS PowerAfrica,conferencia,,979-8-3315-9850-1,2025,True,ISBN
"2024 Sensor Data Fusion: Trends, Solutions, Applications (SDF)",conferencia,2473-7666,979-8-3315-2744-0,2024,True,ISBN
2019 URSI Asia-Pacific Radio Science Conference (AP-RASC),conferencia,,978-908-25987-5-9,2019,True,ISBN
"2025 International Conference on Networking, Sensing and Control (ICNSC)",conferencia,2766-8665,979-8-3315-9749-8,2025,True,ISBN
"2025 2nd International Conference on Machine Learning, Pattern Recognition and Automation Engineering (MLPRAE)",conferencia,,978-1-6654-5742-2,2025,True,ISBN
2023 IEEE Engineering Informatics,conferencia,,979-8-3503-3852-2,2023,True,ISBN
"2025 2nd International Conference on Software, Systems and Information Technology (SSITCON)",conferencia,,979-8-3315-2623-8,2025,True,ISBN
2025 29th International Computer Science and Engineering Conference (ICSEC),conferencia,2768-0592,979-8-3315-7383-6,2025,True,ISBN
2025 11th International Conference on Virtual Reality (ICVR),conferencia,,979-8-3503-9273-9,2025,True,ISBN
"2010 Second International Conference on Computational Intelligence, Modelling and Simulation",conferencia,2166-8531,978-1-4244-8652-6,2010,True,ISSN_SERIE
2025 16th International Conference on Logistics and Supply Chain Management (LOGISTIQUA),conferencia,2166-7373,979-8-3315-5312-8,2025,False,
"2025 29th International Computer Conference, Computer Society of Iran (CSICC)",conferencia,,979-8-3315-2311-4,2025,True,ISBN
"2024 1st International Conference on Advances in Computing, Communication and Networking (ICAC2N)",conferencia,,979-8-3503-5681-6,2024,True,ISBN
2025 IEEE Madhya Pradesh Section Conference (MPCON),conferencia,,979-8-3315-1285-9,2025,True,ISBN
"2024 International Conference on Electrical, Computer and Energy Technologies (ICECET",conferencia,,979-8-3503-9591-4,2024,True,ISBN
"2024 International Conference on Healthcare Innovations, Software and Engineering Technologies (HISET)",conferencia,,979-8-3503-6070-7,2024,True,ISBN
IEEE Sensors Journal,periodico,1558-1748,,2025,True,ISSN
Interacting with Computers,periodico,1873-7951,,2012,True,ISSN
2023 Seventh International Conference on Image Information Processing (ICIIP),conferencia,2640-074X,979-8-3503-7140-6,2023,True,ISBN
"2024 International Conference on System, Computation, Automation and Networking (ICSCAN)",conferencia,,979-8-3315-1002-2,2024,True,ISBN
2024 IEEE 13th Global Conference on Consumer Electronics (GCCE),conferencia,2693-0854,979-8-3503-5507-9,2024,True,ISBN
IEEE Internet of Things Journal,periodico,2327-4662,,2024,True,ISSN
OCEANS 2015 - Genova,conferencia,,978-1-4799-8736-8,2015,True,ISBN
2011 IEEE 35th Annual Computer Software and Applications Conference,conferencia,0730-3157,978-0-7695-4439-7,2011,True,ISSN_SERIE
2024 15th International Conference on Computing Communication and Networking Technologies (ICCCNT),conferencia,2473-7674,979-8-3503-7024-9,2024,True,ISBN
2023 31st Mediterranean Conference on Control and Automation (MED),conferencia,2473-3504,979-8-3503-1543-1,2023,True,ISBN
2014 IEEE International Congress on Big Data,conferencia,2379-7703,978-1-4799-5057-7,2014,True,ISBN
"2025 IEEE 8th International Conference on Automation, Electronics and Electrical Engineering (AUTEEE)",conferencia,2831-4549,979-8-3315-9907-2,2025,True,ISBN
2024 International Conference on Trends in Quantum Computing and Emerging Business Technologies,conferencia,,979-8-3503-8427-7,2024,True,ISBN
2024 International Conference on Computational Intelligence and Computing Applications (ICCICA),conferencia,,979-8-3503-0644-6,2024,True,ISBN
2025 Third International Conference on Augmented Intelligence and Sustainable Systems (ICAISS),conferencia,,979-8-3315-0724-4,2025,True,ISBN
2023 8th International Conference on Intelligent Computing and Signal Processing (ICSP),conferencia,,979-8-3503-0245-5,2023,True,ISBN
IEEE Transactions on Industrial Informatics,periodico,1941-0050,,2016,True,ISSN
2024 IEEE International Conference on Consumer Electronics-Asia (ICCE-Asia),conferencia,,979-8-3315-3083-9,2024,True,ISBN
2023 6th World Symposium on Communication Engineering (WSCE),conferencia,2835-3404,979-8-3503-3950-5,2023,True,ISBN
2024 5th International Conference on Intelligent Communication Technologies and Virtual Mobile Networks (ICICV),conferencia,,979-8-3503-8564-9,2024,True,ISBN
2024 Intelligent Systems and Machine Learning Conference (ISML),conferencia,,979-8-3503-4387-8,2024,True,ISBN
2023 IEEE International Carnahan Conference on Security Technology (ICCST),conferencia,2153-0742,979-8-3503-1587-5,2023,True,ISBN
IEEE Communications Surveys & Tutorials,periodico,1553-877X,,2026,True,ISSN
2025 6th International Conference on Computer Engineering and Application (ICCEA),conferencia,2159-1288,979-8-3315-4330-3,2025,True,ISBN
IEEE Transactions on Automation Science and Engineering,periodico,1558-3783,,2016,True,ISSN
2025 2nd International Conference on Intelligent Computing and Robotics (ICICR),conferencia,,979-8-3315-4429-4,2025,True,ISBN
2024 International Conference on Decision Aid Sciences and Applications (DASA),conferencia,,979-8-3503-6910-6,2024,True,ISBN
"2024 3rd International Conference on Energy and Power Engineering, Control Engineering (EPECE)",conferencia,,979-8-3503-6609-9,2024,True,ISBN
2021 62nd International Scientific Conference on Information Technology and Management Science of Riga Technical University (ITMS),conferencia,,978-1-6654-0615-4,2021,True,ISBN
2025 IEEE Conference on Artificial Intelligence (CAI),conferencia,,979-8-3315-2400-5,2025,True,ISBN
2023 International Conference on Sustainable Communication Networks and Application (ICSCNA),conferencia,,979-8-3503-1398-7,2023,True,ISBN
2025 Seventh International Conference on Computational Intelligence andCommunication Technologies (CCICT),conferencia,,979-8-3315-1135-7,2025,True,ISBN
2025 2nd International Conference on Trends in Engineering Systems and Technologies (ICTEST),conferencia,,979-8-3315-0537-0,2025,True,ISBN
2025 8th International Conference on Computer Information Science and Application Technology (CISAT),conferencia,,979-8-3315-3890-3,2025,True,ISBN
2025 7th International Conference on Innovative Data Communication Technologies and Application (ICIDCA),conferencia,,979-8-3315-1414-3,2025,True,ISBN
2022 IEEE Power & Energy Society General Meeting (PESGM),conferencia,1944-9933,978-1-6654-0823-3,2022,True,ISBN
"2024 International Conference on Communication, Computing and Internet of Things (IC3IoT)",conferencia,,979-8-3503-5268-9,2024,True,ISBN
2013 IEEE Ninth World Congress on Services,conferencia,2378-3818,978-0-7695-5024-4,2013,False,
"2014 18th International Conference on System Theory, Control and Computing (ICSTCC)",conferencia,,978-1-4799-4601-3,2014,True,ISBN
2025 IEEE International Conference on Emerging Trends in Engineering and Computing (ETECOM),conferencia,,979-8-3315-6616-6,2025,True,ISBN
2025 6th International Conference on Artificial Intelligence and Data Sciences (AiDAS),conferencia,,979-8-3315-8603-4,2025,True,ISBN
2025 IEEE 5th International Conference on Data Science and Computer Application (ICDSCA),conferencia,,979-8-3315-9904-1,2025,True,ISBN
"2025 International Conference on Sustainability, Innovation & Technology (ICSIT)",conferencia,,979-8-3315-3549-0,2025,True,ISBN
2025 Global Conference in Emerging Technology (GINOTECH),conferencia,,979-8-3315-0775-6,2025,True,ISBN
2025 4th International Conference on Sentiment Analysis and Deep Learning (ICSADL),conferencia,,979-8-3315-2392-3,2025,True,ISBN
2022 2nd International Conference of Smart Systems and Emerging Technologies (SMARTTECH),conferencia,,978-1-6654-0973-5,2022,True,ISBN
"2025 International Conference on Artificial Intelligence, Computer, Data Sciences and Applications (ACDSA)",conferencia,,979-8-3315-3562-9,2025,True,ISBN
2019 International Multi-Conference on Industrial Engineering and Modern Technologies (FarEastCon),conferencia,,978-1-7281-0061-6,2019,True,ISBN
"2024 IEEE 6th Advanced Information Management, Communicates, Electronic and Automation Control Conference (IMCEC)",conferencia,2693-2776,979-8-3503-1653-7,2024,True,TITULO_FUZZY_ANO(100)
2024 2nd International Symposium on Information Technology and Digital Innovation (ISITDI),conferencia,,979-8-3503-8924-1,2024,True,ISBN
4th International Conference on Artificial Intelligence and Autonomous Robot Systems (AIARS 2025),conferencia,,978-1-80705-020-7,2025,False,
2025 International Conference on Vehicular Technology and Transportation Systems (ICVTTS),conferencia,,979-8-3315-6522-0,2025,True,ISBN
"2025 IEEE International Conference on Sensing, Diagnostics, Prognostics, and Control",conferencia,,979-8-3315-7739-1,2025,True,ISBN
2024 6th International Conference on Applied Machine Learning (ICAML),conferencia,,979-8-3503-8022-4,2024,True,ISBN
"2023 2nd International Conference on 3D Immersion, Interaction and Multi-sensory Experiences (ICDIIME)",conferencia,,979-8-3503-2381-8,2023,True,ISBN
NAECON 2014 - IEEE National Aerospace and Electronics Conference,conferencia,2379-2027,978-1-4799-4689-1,2014,True,ISBN
2025 6th International Conference on Data Intelligence and Cognitive Informatics (ICDICI),conferencia,,979-8-3315-0313-0,2025,True,ISBN
2021 International Conference on Computational Science and Computational Intelligence (CSCI),conferencia,,978-1-6654-5841-2,2021,True,ISBN
IEEE Communications Magazine,periodico,1558-1896,,2025,True,ISSN
SoutheastCon 2025,conferencia,1558-058X,979-8-3315-0484-7,2025,True,ISBN
2017 5th IEEE International Conference on Models and Technologies for Intelligent Transportation Systems (MT-ITS),conferencia,,978-1-5090-6484-7,2017,True,ISBN
ICC 2025 - IEEE International Conference on Communications,conferencia,1938-1883,979-8-3315-0521-9,2025,True,ISBN
IEEE Transactions on AgriFood Electronics,periodico,2771-9529,,2025,False,
2023 8th International Conference on Information Systems Engineering (ICISE),conferencia,2643-7309,979-8-3503-0700-9,2023,True,ISBN
2021 7th International Symposium on Mechatronics and Industrial Informatics (ISMII),conferencia,,978-1-6654-1290-2,2021,False,
"2025 4th International Conference on Energy, Power and Electrical Technology (ICEPET)",conferencia,,979-8-3315-4291-7,2025,True,ISBN
IT Professional,periodico,1941-045X,,2025,True,ISSN
2010 Sixth International Conference on Natural Computation,conferencia,2157-9563,978-1-4244-5961-2,2010,False,
2023 IEEE 5th International Conference on Civil Aviation Safety and Information Technology (ICCASIT),conferencia,,979-8-3503-1060-3,2023,True,ISBN
2023 Second International Conference on Augmented Intelligence and Sustainable Systems (ICAISS),conferencia,,979-8-3503-2579-9,2023,True,ISBN
"2024 IEEE 2nd International Conference on Sensors, Electronics and Computer Engineering (ICSECE)",conferencia,,979-8-3503-7364-6,2024,True,ISBN
"2024 Eighth International Conference on Parallel, Distributed and Grid Computing (PDGC)",conferencia,2573-3079,979-8-3315-2134-9,2024,False,
2024 IEEE 65th International Scientific Conference on Information Technology and Management Science of Riga Technical University (ITMS),conferencia,2771-6937,979-8-3315-3383-0,2024,True,ISBN
2024 9th International Conference on Information Technology Research (ICITR),conferencia,2831-3399,979-8-3315-1142-5,2024,True,ISBN
"2024 International Conference on Power, Energy, Control and Transmission Systems (ICPECTS)",conferencia,,979-8-3315-0884-5,2024,True,ISBN
2025 IEEE 12th International Conference on Computational Cybernetics and Cyber-Medical Systems (ICCC),conferencia,2689-7768,979-8-3315-0246-1,2025,False,
2019 IEEE International Conference on Real-time Computing and Robotics (RCAR),conferencia,,978-1-7281-3726-1,2019,True,ISBN
2018 China International Conference on Electricity Distribution (CICED),conferencia,2161-749X,978-1-5386-6775-0,2018,True,ISBN
"2025 5th International Conference on Innovative Research in Applied Science, Engineering and Technology (IRASET)",conferencia,,979-8-3315-3297-0,2025,True,ISBN
2025 10th International Conference on Business and Industrial Research (ICBIR),conferencia,,979-8-3315-0248-5,2025,True,ISBN
Living in the Internet of Things (IoT 2019),conferencia,,978-1-83953-089-0,2019,False,
"2024 13th International Conference on Control, Automation and Information Sciences (ICCAIS)",conferencia,2475-7896,979-8-3315-4204-7,2024,True,ISBN
2024 International Conference on Distributed Computing and Optimization Techniques (ICDCOT),conferencia,,979-8-3503-8295-2,2024,True,ISBN
"2025 International Conference on Electronics and Computing, Communication Networking Automation Technologies (ICEC2NT)",conferencia,,979-8-3315-2345-9,2025,True,ISBN
2025 2nd International Symposium on IoT and Intelligent Robotics (IoTIR),conferencia,,979-8-3315-1493-8,2025,True,ISBN
2024 4th International Conference on Advance Computing and Innovative Technologies in Engineering (ICACITE),conferencia,,979-8-3503-6016-5,2024,True,ISBN
"2025 IEEE 12th Workshop on Advances in Information, Electronic and Electrical Engineering (AIEEE)",conferencia,2689-7342,978-1-6654-9688-9,2025,True,ISBN
2022 IEEE International Conference on Advances in Electrical Engineering and Computer Applications (AEECA),conferencia,,978-1-6654-8090-1,2022,True,ISBN
2024 7th International Conference on Computer Information Science and Application Technology (CISAT),conferencia,,979-8-3503-7510-7,2024,True,ISBN
2011 6th IEEE Conference on Industrial Electronics and Applications,conferencia,2158-2297,978-1-4244-8756-1,2011,False,
2020 Chinese Control And Decision Conference (CCDC),conferencia,1948-9447,978-1-7281-5855-6,2020,False,
IEEE Vehicular Technology Magazine,periodico,1556-6080,,2025,True,ISSN
2024 IEEE 13th International Conference on Communication Systems and Network Technologies (CSNT),conferencia,2473-5655,979-8-3503-0546-3,2024,True,ISBN
2016 IEEE 17th International Conference on Information Reuse and Integration (IRI),conferencia,,978-1-5090-3207-5,2016,True,ISBN
"2025 7th International Conference on Internet of Things, Automation and Artificial Intelligence (IoTAAI)",conferencia,,979-8-3315-9417-6,2025,True,ISBN
IEEE Journal of Selected Topics in Applied Earth Observations and Remote Sensing,periodico,2151-1535,,2025,True,ISSN
2024 IEEE 3rd World Conference on Applied Intelligence and Computing (AIC),conferencia,,979-8-3503-8459-8,2024,True,ISBN
2025 International Joint Conference on Neural Networks (IJCNN),conferencia,2161-4407,979-8-3315-1042-8,2025,True,ISBN
"2024 5th International Conference on Artificial Intelligence, Robotics and Control (AIRC)",conferencia,,979-8-3503-8507-6,2024,True,ISBN
2025 6th International Conference on IoT Based Control Networks and Intelligent Systems (ICICNIS),conferencia,,979-8-3315-1520-1,2025,True,ISBN
2024 IEEE/ACS 21st International Conference on Computer Systems and Applications (AICCSA),conferencia,2161-5330,979-8-3315-1824-0,2024,True,ISBN
"2025 2nd International Conference on Computational Intelligence, Communication Technology and Networking (CICTN)",conferencia,,979-8-3315-3038-9,2025,True,ISBN
"2025 International Conference on Information, Implementation, and Innovation in Technology (I2ITCON)",conferencia,,979-8-3315-3482-0,2025,True,ISBN
2025 5th International Conference on Ubiquitous Computing and Intelligent Information Systems (ICUIS),conferencia,,979-8-3315-5284-8,2025,True,ISBN
"2025 12th International Conference on Reliability, Infocom Technologies and Optimization (Trends and Future Directions) (ICRITO)",conferencia,2769-2884,979-8-3315-5421-7,2025,True,ISBN
IEEE Network,periodico,1558-156X,,2025,True,ISSN
"2025 International Conference in Advances in Power, Signal, and Information Technology (APSIT)",conferencia,,979-8-3315-2989-5,2025,True,ISBN
2024 7th International Conference on Universal Village (UV),conferencia,,979-8-3315-3151-5,2024,True,ISBN
2025 International Conference on Metaverse and Current Trends in Computing (ICMCTC),conferencia,,979-8-3315-3821-7,2025,True,ISBN
"2023 International Conference on Research Methodologies in Knowledge Management, Artificial Intelligence and Telecommunication Engineering (RMKMATE)",conferencia,,979-8-3503-0570-8,2023,True,ISBN
2024 9th International Conference on Communication and Electronics Systems (ICCES),conferencia,,979-8-3503-7797-2,2024,True,ISBN
2024 5th International Conference on Information Science and Education (ICISE-IE),conferencia,,979-8-3315-0676-6,2024,True,ISBN
2025 Tenth International Conference on Informatics and Computing (ICIC),conferencia,,979-8-3315-7583-0,2025,True,ISBN
2025 IEEE 26th Latin American Test Symposium (LATS),conferencia,2373-0862,978-1-6654-7763-5,2025,True,ISBN
2025 International Conference on Intelligent and Secure Engineering Solutions (CISES),conferencia,,979-8-3315-7349-2,2025,True,ISBN
"2025 12th International Conference on Electrical Engineering, Computer Science and Informatics (EECSI)",conferencia,,979-8-3315-6569-5,2025,True,ISBN
2025 3rd International Conference on Disruptive Technologies (ICDT),conferencia,,979-8-3315-1958-2,2025,True,ISBN
"2024 31st IEEE International Conference on Electronics, Circuits and Systems (ICECS)",conferencia,2995-0589,979-8-3503-7720-0,2024,True,ISBN
2025 International Conference on Computing Technologies & Data Communication (ICCTDC),conferencia,,979-8-3315-2798-3,2025,True,ISBN
2023 14th International Conference on Computing Communication and Networking Technologies (ICCCNT),conferencia,2473-7674,979-8-3503-3509-5,2023,True,ISBN
"2024 Third International Conference on Artificial Intelligence, Computational Electronics and Communication System (AICECS)",conferencia,,979-8-3503-9124-4,2024,True,ISBN
"2025 16th International Conference on E-Education, E-Business, E-Management and E-Learning (IC4e)",conferencia,,979-8-3315-1155-5,2025,True,ISBN
IGARSS 2024 - 2024 IEEE International Geoscience and Remote Sensing Symposium,conferencia,2153-7003,979-8-3503-6032-5,2024,True,ISSN_SERIE
2025 8th International Conference on Information and Computer Technologies (ICICT),conferencia,2769-4542,979-8-3315-0518-9,2025,True,ISBN
IECON 2024 - 50th Annual Conference of the IEEE Industrial Electronics Society,conferencia,,978-1-6654-6454-3,2024,True,ISBN
2023 IEEE 7th Conference on Energy Internet and Energy System Integration (EI2),conferencia,,979-8-3503-4509-4,2023,True,ISBN
2025 IEEE 23rd World Symposium on Applied Machine Intelligence and Informatics (SAMI),conferencia,2767-9438,979-8-3503-7936-5,2025,False,
2025 International Conference on Computational Innovations and Engineering Sustainability (ICCIES),conferencia,,979-8-3315-3669-5,2025,True,ISBN
2025 International Conference on Future Technologies (ICFT),conferencia,,979-8-3315-6815-3,2025,True,ISBN
"2024 4th International Conference on Computer, Communication, Control & Information Technology (C3IT)",conferencia,,979-8-3503-8912-8,2024,True,ISBN
2020 International Conference on Computer Communication and Network Security (CCNS),conferencia,,978-1-7281-4349-1,2020,True,ISBN
2024 2nd International Conference on Sustainable Computing and Smart Systems (ICSCSS),conferencia,,979-8-3503-7999-0,2024,True,ISBN
IEEE Transactions on Vehicular Technology,periodico,1939-9359,,2023,True,ISSN
"2025 8th International Conference on Circuit, Power & Computing Technologies (ICCPCT)",conferencia,,979-8-3315-4317-4,2025,True,ISBN
"2024 International Conference on Communication, Computing and Energy Efficient Technologies (I3CEET)",conferencia,,979-8-3315-4158-3,2024,True,ISBN
2013 35th Annual International Conference of the IEEE Engineering in Medicine and Biology Society (EMBC),conferencia,1558-4615,978-1-4577-0216-7,2013,False,
IEEE Transactions on Geoscience and Remote Sensing,periodico,1558-0644,,2025,True,ISSN
2025 10th International Conference on Communication and Electronics Systems (ICCES),conferencia,,979-8-3315-9756-6,2025,True,ISBN
2025 Interdisciplinary Conference on Electrics and Computer (INTCEC),conferencia,,979-8-3315-0169-3,2025,True,ISBN
2024 IEEE 99th Vehicular Technology Conference (VTC2024-Spring),conferencia,2577-2465,979-8-3503-8741-4,2024,True,ISBN
2016 China International Conference on Electricity Distribution (CICED),conferencia,2161-749X,978-1-4673-9070-5,2016,True,ISSN_SERIE
IEEE Transactions on Instrumentation and Measurement,periodico,1557-9662,,2023,True,ISSN
2024 IEEE 5th International Conference on Electro-Computing Technologies for Humanity (NIGERCON),conferencia,2377-2697,979-8-3315-4255-9,2024,False,
2024 IEEE International Conference on Big Data & Machine Learning (ICBDML),conferencia,,979-8-3503-7410-0,2024,True,ISBN
2025 4th International Conference on Creative Communication and Innovative Technology (ICCIT),conferencia,,979-8-3315-9429-9,2025,True,ISBN
2013 IEEE 27th International Conference on Advanced Information Networking and Applications (AINA),conferencia,1550-445X,978-0-7695-4953-8,2013,True,ISSN_SERIE
2025 5th International Conference on Sensors and Information Technology,conferencia,,979-8-3315-4288-7,2025,True,ISBN
"2024 IEEE International Conference on Engineering, Technology, and Innovation (ICE/ITMC)",conferencia,2693-8855,979-8-3503-6243-5,2024,True,ISBN
2025 12th International Conference on Computing for Sustainable Global Development (INDIACom),conferencia,,978-93-80544-60-1,2025,True,ISBN
2024 OPJU International Technology Conference (OTCON) on Smart Computing for Innovation and Advancement in Industry 4.0,conferencia,,979-8-3503-7378-3,2024,True,ISBN
2024 IEEE 22nd International Conference on Industrial Informatics (INDIN),conferencia,2378-363X,979-8-3315-2747-1,2024,True,ISBN
2025 Sixth International Conference on Advances in Computational Tools for Engineering Applications (ACTEA),conferencia,2993-3765,979-8-3315-0243-0,2025,True,ISBN
IEEE Transactions on Intelligent Vehicles,periodico,2379-8904,,2023,True,TITULO_EXATO
2024 10th International Conference on Communication and Signal Processing (ICCSP),conferencia,2836-1873,979-8-3503-5306-8,2024,True,ISBN
2025 IEEE Green Technologies Conference (GreenTech),conferencia,2166-5478,979-8-3315-2018-2,2025,True,ISBN
2024 International Conference on Sustainable Power & Energy (ICSPE),conferencia,,979-8-3503-6605-1,2024,True,ISBN
2025 International Conference on Sustainable Energy Technologies and Computational Intelligence (SETCOM),conferencia,,979-8-3315-2054-0,2025,True,ISBN
"2024 2nd DMIHER International Conference on Artificial Intelligence in Healthcare, Education and Industry (IDICAIEI)",conferencia,,979-8-3315-2871-3,2024,True,ISBN
2023 7th SLAAI International Conference on Artificial Intelligence (SLAAI-ICAI),conferencia,,979-8-3503-1926-2,2023,True,ISBN
2018 IEEE/AIAA 37th Digital Avionics Systems Conference (DASC),conferencia,2155-7209,978-1-5386-4112-5,2018,True,ISBN
2024 IEEE International Symposium on Safety Security Rescue Robotics (SSRR),conferencia,2475-8426,979-8-3315-1095-4,2024,True,ISBN
2024 International Conference on Advances in Modern Age Technologies for Health and Engineering Science (AMATHE),conferencia,,979-8-3503-7156-7,2024,True,ISBN
2024 IEEE International Conference on Bioinformatics and Biomedicine (BIBM),conferencia,2156-1133,979-8-3503-8622-6,2024,True,ISBN
2024 IEEE International Conference on Robotics and Automation (ICRA),conferencia,,979-8-3503-8457-4,2024,True,ISBN
"2024 Fourth International Conference on Multimedia Processing, Communication & Information Technology (MPCIT)",conferencia,,979-8-3503-7546-6,2024,True,ISBN
"2015 IEEE International Conference on Control System, Computing and Engineering (ICCSCE)",conferencia,,978-1-4799-8252-3,2015,True,ISBN
2025 IEEE 6th International Conference in Robotics and Manufacturing Automation (ROMA),conferencia,,979-8-3315-9996-6,2025,True,ISBN
2024 12th International Conference on Smart Grid (icSmartGrid),conferencia,,979-8-3503-6161-2,2024,True,ISBN
2024 Argentine Conference on Electronics (CAE),conferencia,2836-1024,979-8-3503-0508-1,2024,True,ISBN
2025 International Conference on IC Design and Technology (ICICDT),conferencia,2691-0462,979-8-3315-2461-6,2025,True,ISBN
2025 IEEE 9th International Conference on Software Engineering & Computer Systems (ICSECS),conferencia,,979-8-3315-4441-6,2025,True,ISBN
2023 IEEE Smart World Congress (SWC),conferencia,,979-8-3503-1980-4,2023,True,ISBN
2024 10th International Conference on Computer and Communications (ICCC),conferencia,2837-7109,979-8-3315-0707-7,2024,False,
2023 IEEE International Conference on Computer Vision and Machine Intelligence (CVMI),conferencia,,979-8-3503-0514-2,2023,True,ISBN
2024 IEEE International Conference on Electro Information Technology (eIT),conferencia,2154-0373,979-8-3503-3064-9,2024,True,ISBN
"2025 Third International Conference on Cyber Physical Systems, Power Electronics and Electric Vehicles (ICPEEV)",conferencia,,979-8-3315-8606-5,2025,True,ISBN
"2024 8th International Conference on I-SMAC (IoT in Social, Mobile, Analytics and Cloud) (I-SMAC)",conferencia,2768-0673,979-8-3503-7642-5,2024,True,ISBN
IEEE Transactions on Cognitive Communications and Networking,periodico,2332-7731,,2026,True,ISSN
2021 International Conference on Decision Aid Sciences and Application (DASA),conferencia,,978-1-6654-1634-4,2021,True,ISBN
2019 IEEE 5th International Workshop on Metrology for AeroSpace (MetroAeroSpace),conferencia,2575-7490,978-1-7281-1344-9,2019,True,ISBN
2025 International Conference on Automation Technology (Automation),conferencia,,978-1-6654-7792-5,2025,True,ISBN
IEEE Transactions on Cybernetics,periodico,2168-2275,,2021,True,ISSN
IEEE Transactions on Artificial Intelligence,periodico,2691-4581,,2025,True,ISSN
2019 First International Conference on Digital Data Processing (DDP),conferencia,,978-1-7281-5363-6,2019,True,ISBN
"2025 IEEE 6th International Seminar on Artificial Intelligence, Networking and Information Technology (AINIT)",conferencia,,979-8-3315-2228-5,2025,True,ISBN
2025 MIPRO 48th ICT and Electronics Convention,conferencia,1847-3938,979-8-3315-3597-1,2025,True,ISBN
2024 1st International Conference on Logistics (ICL),conferencia,,979-8-3315-1884-4,2024,True,ISBN
2025 International Conference on Power Electronics and Electric Drives (PEED),conferencia,,979-8-3503-7966-2,2025,True,ISBN
2025 8th International Conference on Computing Methodologies and Communication (ICCMC),conferencia,,979-8-3315-1211-8,2025,True,ISBN
2025 6th International Conference on Energy Power and Automation Engineering (ICEPAE),conferencia,,979-8-3315-2458-6,2025,True,ISBN
"2025 IEEE 22nd International Conference on Smart Communities: Improving Quality of Life using AI, Robotics and IoT (HONET)",conferencia,1949-4106,979-8-3315-7643-1,2025,True,ISBN
2025 IEEE Guwahati Subsection Conference (GCON),conferencia,,979-8-3315-1345-0,2025,True,ISBN
"2024 International Conference on Artificial Intelligence, Deep Learning and Neural Networks (AIDLNN)",conferencia,,979-8-3315-2081-6,2024,True,ISBN
2025 International Conference on Computing Technologies (ICOCT),conferencia,,979-8-3315-2794-5,2025,True,TITULO_FUZZY_ANO(96)
"2024 IEEE International Conference on Technology Management, Operations and Decisions (ICTMOD)",conferencia,2159-5119,979-8-3503-6735-5,2024,True,ISBN
2024 IEEE Cyber Science and Technology Congress (CyberSciTech),conferencia,,979-8-3315-3209-3,2024,True,ISBN
2024 International Conference on Emerging Research in Computational Science (ICERCS),conferencia,,979-8-3315-3496-7,2024,True,TITULO_FUZZY_ANO(98)
"2025 5th International Conference on Electronics, Circuits and Information Engineering (ECIE)",conferencia,,979-8-3315-1401-3,2025,True,ISBN
2025 IEEE World AI IoT Congress (AIIoT),conferencia,,979-8-3315-2508-8,2025,True,ISBN
"2012 International Conference on Quality, Reliability, Risk, Maintenance, and Safety Engineering",conferencia,,978-1-4673-0788-8,2012,False,
2011 17th IEEE Real-Time and Embedded Technology and Applications Symposium,conferencia,1545-3421,978-1-61284-326-1,2011,True,ISSN_SERIE
2023 International Conference on Electrical Engineering and Informatics (ICEEI),conferencia,2155-6830,979-8-3503-8129-0,2023,True,ISBN
2025 6th International Conference on Artificial Intelligence and Computer Engineering (ICAICE),conferencia,,979-8-3315-7496-3,2025,True,ISBN
OCEANS 2025 Brest,conferencia,,979-8-3315-3747-0,2025,True,ISBN
IEEE Transactions on Parallel and Distributed Systems,periodico,1558-2183,,2018,True,ISSN
"2025 IEEE 16th Annual Information Technology, Electronics and Mobile Communication Conference (IEMCON)",conferencia,,979-8-3315-6505-3,2025,True,ISBN
2025 4th International Conference on New Energy System and Power Engineering (NESP),conferencia,,979-8-3315-2287-2,2025,True,ISBN
2025 IEEE 6th KhPI Week on Advanced Technology (KhPIWeek),conferencia,3064-9579,979-8-3503-8909-8,2025,True,ISBN
"2023 IEEE 3rd International Conference on Power, Electronics and Computer Applications (ICPECA)",conferencia,,978-1-6654-7278-4,2023,True,ISBN
"2014 Fourth International Conference on Instrumentation and Measurement, Computer, Communication and Control",conferencia,,978-1-4799-6575-5,2014,True,ISBN
2024 IEEE International Workshop on Metrology for the Sea; Learning to Measure Sea Health Parameters (MetroSea),conferencia,,979-8-3503-7900-6,2024,True,ISBN
2025 14th International Conference on Renewable Energy Research and Applications (ICRERA),conferencia,2572-6013,979-8-3315-9989-8,2025,True,ISBN
2025 IEEE International Conference on Contemporary Computing and Communications (InC4),conferencia,,979-8-3315-2118-9,2025,True,ISBN
2019 International Conference on Advances in the Emerging Computing Technologies (AECT),conferencia,,978-1-7281-4452-8,2020,True,ISBN
2017 IEEE International Conference on Communications (ICC),conferencia,1938-1883,978-1-4673-8999-0,2017,True,ISBN
2025 7th Experiment@ International Conference (exp.at'25),conferencia,2376-6328,979-8-3315-7663-9,2025,True,ISBN
2019 IEEE International Smart Cities Conference (ISC2),conferencia,2687-8860,978-1-7281-0846-9,2019,True,ISBN
2025 IEEE Global Humanitarian Technology Conference (GHTC),conferencia,2473-5728,979-8-3315-9502-9,2025,True,ISBN
2023 Second International Conference On Smart Technologies For Smart Nation (SmartTechCon),conferencia,,979-8-3503-0541-8,2023,True,ISBN
"2025 IEEE 4th International Conference on Computing, Communication, Perception and Quantum Technology (CCPQT)",conferencia,,979-8-3315-2583-5,2025,True,ISBN
IGARSS 2025 - 2025 IEEE International Geoscience and Remote Sensing Symposium,conferencia,2153-7003,979-8-3315-0810-4,2025,True,ISBN
"2024 IEEE 15th Annual Ubiquitous Computing, Electronics & Mobile Communication Conference (UEMCON)",conferencia,,979-8-3315-4090-6,2024,True,ISBN
2025 IEEE Conference on Cloud and Big Data Computing (CBDCom),conferencia,,979-8-3315-9094-9,2025,True,ISBN
2016 12th International Conference on Intelligent Environments (IE),conferencia,2472-7571,978-1-5090-4056-8,2016,True,ISBN
"2025 International Conference on Circuit, Systems and Communication (ICCSC)",conferencia,,979-8-3315-6528-2,2025,True,ISBN
2025 International Conference on Automation and Computation (AUTOCOM),conferencia,,979-8-3315-4237-5,2025,True,ISBN
2024 10th International Conference on Electrical Energy Systems (ICEES),conferencia,2693-3934,979-8-3503-5377-8,2024,True,ISBN
"2024 International Conference on Computers, Information Processing and Advanced Education (CIPAE)",conferencia,,979-8-3315-2766-2,2024,True,ISBN
"2025 IEEE International Conference on Computation, Big-Data and Engineering (ICCBE)",conferencia,,979-8-3315-3244-4,2025,True,ISBN
"2014 IEEE International Conference on Automation, Quality and Testing, Robotics",conferencia,,978-1-4799-3732-5,2014,False,
2025 IEEE International Conference on Advances in Computing Research On Science Engineering and Technology (ACROSET),conferencia,,978-1-6654-5810-8,2025,True,ISBN
2025 IEEE 5th International Conference on Computer Communication and Artificial Intelligence (CCAI),conferencia,,979-8-3315-3567-4,2025,True,ISBN
2013 Ninth International Conference on Intelligent Information Hiding and Multimedia Signal Processing,conferencia,,978-0-7695-5120-3,2013,True,ISBN
"2023 10th IEEE Uttar Pradesh Section International Conference on Electrical, Electronics and Computer Engineering (UPCON)",conferencia,2687-7767,979-8-3503-8247-1,2023,True,ISBN
2025 7th International Conference on Blockchain Computing and Applications (BCCA),conferencia,,979-8-3315-0296-6,2025,True,ISBN
2016 International Wireless Communications and Mobile Computing Conference (IWCMC),conferencia,2376-6506,978-1-5090-0304-4,2016,True,ISBN
2019 IEEE World Conference on Engineering Education (EDUNINE),conferencia,,978-1-7281-1666-2,2019,True,ISBN
2012 IEEE 19th International Conference and Workshops on Engineering of Computer-Based Systems,conferencia,,978-1-4673-0912-7,2012,False,
"2025 3rd International Conference on Intelligent Systems, Advanced Computing and Communication (ISACC)",conferencia,,979-8-3315-2389-3,2025,True,ISBN
2024 International Conference on Integration of Emerging Technologies for the Digital World (ICIETDW),conferencia,,979-8-3315-4117-0,2024,True,ISBN
2023 IEEE 12th International Conference on Intelligent Data Acquisition and Advanced Computing Systems: Technology and Applications (IDAACS),conferencia,2770-4254,979-8-3503-5805-6,2023,True,ISBN
2023 International Balkan Conference on Communications and Networking (BalkanCom),conferencia,,979-8-3503-3910-9,2023,True,ISBN
2025 International Conference on Networks and Cryptology (NETCRYPT),conferencia,,979-8-3315-2605-4,2025,True,ISBN
2024 International Radar Symposium (IRS),conferencia,2155-5753,978-83-956020-9-2,2024,True,ISBN
"2025 IEEE International Conference on Engineering, Technology, and Innovation (ICE/ITMC)",conferencia,2693-8855,979-8-3315-8534-1,2025,True,ISBN
2024 13th International Conference on System Modeling & Advancement in Research Trends (SMART),conferencia,2767-7362,979-8-3503-8058-3,2024,True,ISBN
2024 4th International Conference on Ubiquitous Computing and Intelligent Information Systems (ICUIS),conferencia,,979-8-3315-2963-5,2024,True,ISBN
Proceedings of 2011 International Conference on Electronic & Mechanical Engineering and Information Technology,conferencia,,978-1-61284-088-8,2011,False,
2024 IEEE SmartBlock4Africa,conferencia,,979-8-3503-7683-8,2024,True,ISBN
2025 6th International Conference on Intelligent Communication Technologies and Virtual Mobile Networks (ICICV),conferencia,,979-8-3315-1175-3,2025,True,ISBN
2025 8th International Conference on Advanced Algorithms and Control Engineering (ICAACE),conferencia,,979-8-3315-3508-7,2025,True,ISBN
2015 IEEE 39th Annual Computer Software and Applications Conference,conferencia,0730-3157,978-1-4673-6564-2,2015,True,ISSN_SERIE
2025 International Conference on Emerging Smart Computing and Informatics (ESCI),conferencia,2996-1815,979-8-3315-1568-3,2025,True,ISBN
2020 52nd North American Power Symposium (NAPS),conferencia,,978-1-7281-8192-9,2021,True,ISBN
2025 Second International Conference on Cognitive Robotics and Intelligent Systems (ICC - ROBINS),conferencia,,979-8-3315-0172-3,2025,True,ISBN
"2025 International Conference on Computing, Intelligence, and Application (CIACON)",conferencia,,979-8-3315-4411-9,2025,True,ISBN
2025 2nd International Conference on Artificial Intelligence and Knowledge Discovery in Concurrent Engineering (ICECONF),conferencia,,979-8-3315-6070-6,2025,True,ISBN
2025 International Conference on Machine Learning and Autonomous Systems (ICMLAS),conferencia,,979-8-3315-0574-5,2025,True,ISBN
2019 IEEE 90th Vehicular Technology Conference (VTC2019-Fall),conferencia,2577-2465,978-1-7281-1220-6,2019,True,ISBN
2024 IEEE International Conference on Autonomic Computing and Self-Organizing Systems Companion (ACSOS-C),conferencia,,979-8-3503-8976-0,2024,True,ISBN
2025 International Conference on Electronics and Renewable Systems (ICEARS),conferencia,,979-8-3315-0967-5,2025,True,ISBN
2020 25th IEEE International Conference on Emerging Technologies and Factory Automation (ETFA),conferencia,1946-0759,978-1-7281-8956-7,2020,True,ISBN
2025 International Conference on Sensors and Related Networks (SENNET) Special Focus on Digital Healthcare(64220),conferencia,,979-8-3315-9746-7,2025,True,ISBN
2024 7th International Conference on Contemporary Computing and Informatics (IC3I),conferencia,,979-8-3503-5006-7,2024,True,ISBN
2025 International Conference on Smart & Sustainable Technology (INCSST),conferencia,,979-8-3315-4192-7,2025,True,ISBN
2025 Crypto Valley Conference (CVC),conferencia,,979-8-3315-8749-9,2025,True,ISBN
2016 IEEE International Conference on Big Data (Big Data),conferencia,,978-1-4673-9005-7,2016,False,
2015 IEEE Metrology for Aerospace (MetroAeroSpace),conferencia,,978-1-4799-7569-3,2015,True,ISBN
2020 IEEE KhPI Week on Advanced Technology (KhPIWeek),conferencia,,978-1-6654-0501-0,2020,True,ISBN
2025 11th International Conference on Optimization and Applications (ICOA),conferencia,2768-6388,979-8-3315-9957-7,2025,True,ISBN
2025 IEEE Technology and Engineering Management Society (TEMSCON LATAM),conferencia,,979-8-3315-2567-5,2025,True,ISBN
2024 IEEE 8th International Conference on Information and Communication Technology (CICT),conferencia,,979-8-3315-3153-9,2024,True,ISBN
2016 IEEE Intl Conference on Computational Science and Engineering (CSE) and IEEE Intl Conference on Embedded and Ubiquitous Computing (EUC) and 15th Intl Symposium on Distributed Computing and Applications for Business Engineering (DCABES),conferencia,,978-1-5090-3593-9,2016,True,ISBN
2025 International Conference on Advances in Modern Age Technologies for Health and Engineering Science (AMATHE),conferencia,,979-8-3315-0103-7,2025,True,ISBN
"2024 15th International Conference on Information, Intelligence, Systems & Applications (IISA)",conferencia,,979-8-3503-6883-3,2024,True,ISBN
2025 5th International Conference on Advancement in Electronics & Communication Engineering (AECE),conferencia,,979-8-3315-5296-1,2025,True,ISBN
2025 10th International Conference on Smart and Sustainable Technologies (SpliTech),conferencia,,978-953-290-142-9,2025,True,ISBN
2025 9th International Conference on Inventive Systems and Control (ICISC),conferencia,,979-8-3315-1247-7,2025,True,ISBN
2025 International Conference on Engineering Innovations and Technologies (ICoEIT),conferencia,,979-8-3315-2595-8,2025,True,ISBN
2024 IEEE 20th International Conference on Automation Science and Engineering (CASE),conferencia,2161-8089,979-8-3503-5851-3,2024,True,ISBN
2023 Panda Forum on Power and Energy (PandaFPE),conferencia,,979-8-3503-2117-3,2023,True,ISBN
Proceedings of the 10th World Congress on Intelligent Control and Automation,conferencia,,978-1-4673-1398-8,2012,False,
"2025 IEEE International Conference on Systems, Man, and Cybernetics (SMC)",conferencia,,979-8-3315-3358-8,2025,True,ISBN
2024 IEEE Intelligent Vehicles Symposium (IV),conferencia,2642-7214,979-8-3503-4881-1,2024,True,ISBN
2025 International Conference on Intelligent Innovations in Engineering and Technology (ICIIET),conferencia,,979-8-3315-9103-8,2025,True,ISBN
2018 IEEE Second International Conference on Data Stream Mining & Processing (DSMP),conferencia,,978-1-5386-2874-4,2018,True,ISBN
2024 International Conference on Smart Electronics and Communication Systems (ISENSE),conferencia,,979-8-3315-2812-6,2024,True,ISBN
2025 XXVIII International Conference on Soft Computing and Measurements (SCM),conferencia,,979-8-3315-2667-2,2025,True,ISBN
2024 International Conference on Artificial Intelligence and Quantum Computation-Based Sensor Application (ICAIQSA),conferencia,,979-8-3315-1795-3,2024,True,ISBN
"2025 25th International Conference on Software Quality, Reliability, and Security Companion (QRS-C)",conferencia,2693-9371,978-1-6654-7773-4,2025,True,ISBN
2024 4th Asian Conference on Innovation in Technology (ASIANCON),conferencia,,979-8-3503-5421-8,2024,True,ISBN
2024 IEEE 29th Asia Pacific Conference on Communications (APCC),conferencia,2163-0771,979-8-3315-1781-6,2024,True,ISBN
2025 International Conference on Emerging Technologies in Computing and Communication (ETCC),conferencia,,979-8-3315-2476-0,2025,True,ISBN
OCEANS 2019 - Marseille,conferencia,,978-1-7281-1450-7,2019,False,
2024 17th International Conference on Security of Information and Networks (SIN),conferencia,,979-8-3315-0973-6,2024,True,ISBN
2025 3rd International Conference on Artificial Intelligence and Machine Learning Applications Theme: Healthcare and Internet of Things (AIMLA),conferencia,,979-8-3315-3896-5,2025,True,TITULO_FUZZY_ANO(96)
2025 8th International Conference on Informatics and Computational Sciences (ICICoS),conferencia,2767-7087,979-8-3315-9350-6,2025,True,ISBN
2025 11th International Conference on Smart Computing and Communications (ICSCC),conferencia,,979-8-3315-2562-0,2025,True,ISBN
"OCEANS 2022, Hampton Roads",conferencia,0197-7385,978-1-6654-6809-1,2022,True,ISBN
"2025 International Conference on Cognitive Computing in Engineering, Communications, Sciences and Biomedical Health Informatics (IC3ECSBHI)",conferencia,,979-8-3315-1852-3,2025,True,ISBN
2018 International Conference on System Modeling & Advancement in Research Trends (SMART),conferencia,,978-1-5386-6369-1,2018,True,ISBN
2023 2nd International Conference on Edge Computing and Applications (ICECAA),conferencia,,979-8-3503-4757-9,2023,True,ISBN
"2025 IEEE 5th International Conference on Electronic Technology, Communication and Information (ICETCI)",conferencia,,979-8-3315-3372-4,2025,True,ISBN
"2025 International Conference on Computers, Information Processing and Advanced Education (CIPAE)",conferencia,,979-8-3315-3840-8,2025,True,ISBN
2024 International Conference on Intelligent Systems for Cybersecurity (ISCS),conferencia,,979-8-3503-7523-7,2024,True,ISBN
IEEE Internet Computing,periodico,1941-0131,,2026,True,ISSN
OCEANS 2024 - Singapore,conferencia,,979-8-3503-6207-7,2024,True,ISBN
IEEE Journal of Biomedical and Health Informatics,periodico,2168-2208,,2014,True,ISSN
2025 International Conference on Intelligent Transportation and New Energy Technology (ITNET),conferencia,,979-8-3315-3273-4,2025,True,ISBN
2015 34th Chinese Control Conference (CCC),conferencia,1934-1768,978-9-8815-6389-7,2015,True,ISBN
2025 9th International Symposium on Innovative Approaches in Smart Technologies (ISAS),conferencia,,979-8-3315-1482-2,2025,True,ISBN
2023 International Conference on Circuit Power and Computing Technologies (ICCPCT),conferencia,,979-8-3503-3324-4,2023,True,ISBN
"2013 IEEE International Symposium on Safety, Security, and Rescue Robotics (SSRR)",conferencia,2374-3247,978-1-4799-0880-6,2013,True,TITULO_FUZZY_ANO(97)
2024 3rd International Conference for Innovation in Technology (INOCON),conferencia,,979-8-3503-8193-1,2024,True,ISBN
"2025 International Conference on Electrical, Electronics, and Computer Science with Advance Power Technologies - A Future Trends (ICE2CPT)",conferencia,,979-8-3315-1499-0,2025,True,ISBN
"2025 IEEE International Conference on Electronics, Computing and Communication Technologies (CONECCT)",conferencia,2766-2101,979-8-3315-0236-2,2025,True,ISBN
Proceedings of the 33rd Chinese Control Conference,conferencia,1934-1768,978-9-8815-6387-3,2014,True,ISSN_SERIE
2024 International Conference on Advances in Computing Research on Science Engineering and Technology (ACROSET),conferencia,,979-8-3503-8880-0,2024,True,ISBN
2024 Ninth International Conference on Science Technology Engineering and Mathematics (ICONSTEM),conferencia,,979-8-3503-6509-2,2024,True,ISBN
2025 9th International Conference on Computational System and Information Technology for Sustainable Solutions (CSITSS),conferencia,2767-1097,979-8-3315-8894-6,2025,True,ISBN
"2025 3rd International Conference on Artificial Intelligence, Blockchain, and Internet of Things (AIBThings)",conferencia,,979-8-3315-8856-4,2025,True,ISBN
2014 IEEE Real-Time Systems Symposium,conferencia,1052-8725,978-1-4799-7288-3,2014,True,ISSN_SERIE
"2025 2nd International Conference on Circuits, Power and Intelligent Systems (CCPIS)",conferencia,,979-8-3315-3779-1,2025,True,ISBN
2023 IEEE North Karnataka Subsection Flagship International Conference (NKCon),conferencia,,979-8-3503-1404-5,2023,True,ISBN
International Conference on Electric Vehicle and Vehicle Engineering (CEVVE 2023),conferencia,,978-1-83724-021-0,2023,True,ISBN
2021 3rd International Conference on Applied Machine Learning (ICAML),conferencia,,978-1-6654-2125-6,2021,True,ISBN
"2025 Joint International Conference on Digital Arts, Media and Technology with ECTI Northern Section Conference on Electrical, Electronics, Computer and Telecommunications Engineering (ECTI DAMT & NCON)",conferencia,2768-4644,979-8-3315-4327-3,2025,True,ISBN
2010 International Conference on Intelligent Networking and Collaborative Systems,conferencia,,978-1-4244-8828-5,2010,False,
2013 International Conference on Cyber-Enabled Distributed Computing and Knowledge Discovery,conferencia,,978-0-7695-5106-7,2013,False,
"2025 6th International Conference on Computer Vision, Image and Deep Learning (CVIDL)",conferencia,,979-8-3315-2324-4,2025,True,ISBN
2024 5th International Conference on Electronics and Sustainable Communication Systems (ICESC),conferencia,2996-5357,979-8-3503-7994-5,2024,True,ISBN
2023 Photonics & Electromagnetics Research Symposium (PIERS),conferencia,2831-5804,979-8-3503-1284-3,2023,True,ISBN
"2023 International Conference on Power, Electrical Engineering, Electronics and Control (PEEEC)",conferencia,,979-8-3503-2912-4,2023,True,ISBN
"2022 International Conference on Industrial IoT, Big Data and Supply Chain (IIoTBDSC)",conferencia,,978-1-6654-5455-1,2022,True,ISBN
2020 5th International Conference on Universal Village (UV),conferencia,,978-1-7281-9523-0,2020,True,ISBN
"2025 IEEE 3rd International Conference on Control, Electronics and Computer Technology (ICCECT)",conferencia,,979-8-3315-1855-4,2025,True,ISBN
2023 IEEE 9th World Forum on Internet of Things (WF-IoT),conferencia,2768-1734,979-8-3503-1161-7,2023,True,ISBN
2010 6th International Conference on Wireless and Mobile Communications,conferencia,,978-1-4244-8021-0,2010,False,
2010 International Conference on Innovative Computing and Communication and 2010 Asia-Pacific Conference on Information Technology and Ocean Engineering,conferencia,,978-1-4244-5635-2,2010,False,
"2019 IEEE Eurasia Conference on IOT, Communication and Engineering (ECICE)",conferencia,,978-1-7281-2501-5,2019,True,ISBN
2025 IEEE International Symposium on Consumer Technology (ISCT),conferencia,2159-1423,979-8-3315-6549-7,2025,True,ISBN
2012 IEEE National Aerospace and Electronics Conference (NAECON),conferencia,0547-3578,978-1-4673-2792-3,2012,True,ISSN_SERIE
2018 4th International Conference on Applied and Theoretical Computing and Communication Technology (iCATccT),conferencia,,978-1-5386-7706-3,2018,True,ISBN
2015 SAI Intelligent Systems Conference (IntelliSys),conferencia,,978-1-4673-7606-8,2015,True,ISBN
2025 3rd World Conference on Communication & Computing (WCONF),conferencia,,979-8-3315-3045-7,2025,True,ISBN
"2024 First International Conference on Innovations in Communications, Electrical and Computer Engineering (ICICEC)",conferencia,,979-8-3503-7651-7,2024,True,ISBN
2021 International Conference on Maintenance and Intelligent Asset Management (ICMIAM),conferencia,,978-1-6654-6671-4,2021,True,ISBN
2015 Sixth International Conference on Intelligent Control and Information Processing (ICICIP),conferencia,,978-1-4799-1717-4,2015,True,ISBN
"2024 IEEE 4th International Conference on Applied Electromagnetics, Signal Processing, & Communication (AESPC)",conferencia,,979-8-3315-2817-1,2024,True,ISBN
"2023 International Conference on Intelligent Computing, Communication & Convergence (ICI3C)",conferencia,,979-8-3503-4392-2,2023,True,ISBN
"2024 6th International Conference on Internet of Things, Automation and Artificial Intelligence (IoTAAI)",conferencia,,979-8-3503-8697-4,2024,True,ISBN
"2023 IEEE International Conference on Communication, Networks and Satellite (COMNETSAT)",conferencia,,979-8-3503-4110-2,2023,True,ISBN
IEEE Transactions on Network and Service Management,periodico,1932-4537,,2022,True,ISSN
"2025 5th International Conference on Artificial Intelligence, Automation and High Performance Computing (AIAHPC)",conferencia,,979-8-3503-9237-1,2025,True,ISBN
2014 International Conference on Power System Technology,conferencia,,978-1-4799-5032-4,2014,True,ISBN
2025 International Conference on Next Generation Information System Engineering (NGISE),conferencia,,979-8-3315-2059-5,2025,True,ISBN
IEEE Transactions on Information Technology in Biomedicine,periodico,1558-0032,,2010,True,ISSN
IEEE Computer Graphics and Applications,periodico,1558-1756,,2024,True,ISSN
2022 IEEE International Conference on Internet of Things and Intelligence Systems (IoTaIS),conferencia,2832-1383,979-8-3503-9645-4,2022,True,ISBN
2024 11th International Conference on Future Internet of Things and Cloud (FiCloud),conferencia,2996-1017,979-8-3315-2719-8,2024,True,ISBN
Journal of Web Engineering,periodico,1544-5976,,2024,True,ISSN
2024 3rd Zimbabwe Conference of Information and Communication Technologies (ZCICT),conferencia,,979-8-3315-2033-5,2024,True,ISBN
17th International IEEE Conference on Intelligent Transportation Systems (ITSC),conferencia,2153-0017,978-1-4799-6078-1,2014,True,ISBN
2023 6th International Conference on Contemporary Computing and Informatics (IC3I),conferencia,,979-8-3503-0448-0,2023,True,ISBN
2023 IEEE 13th International Conference on Electronics Information and Emergency Communication (ICEIEC),conferencia,2377-844X,979-8-3503-3172-1,2023,False,
2023 International Seminar on Computer Science and Engineering Technology (SCSET),conferencia,,979-8-3503-0147-2,2023,True,ISBN
2025 International Conference on Networks & Advances in Computational Technologies (NetACT),conferencia,,979-8-3315-3629-9,2025,True,ISBN
2025 IEEE International Annual Conference on Complex Systems and Intelligent Science (CSIS-IAC),conferencia,,979-8-3315-9768-9,2025,True,ISBN
2024 2nd International Conference on Intelligent Control and Computing (IC&C),conferencia,,979-8-3503-5187-3,2024,True,ISBN
"2022 International Conference on Data Science, Agents & Artificial Intelligence (ICDSAAI)",conferencia,,979-8-3503-3384-8,2022,True,ISBN
2025 10th International Conference on Smart Structures and Systems (ICSSS),conferencia,,979-8-3315-6323-3,2025,True,ISBN
IEEE Aerospace and Electronic Systems Magazine,periodico,1557-959X,,2021,True,ISSN
IEEE Intelligent Transportation Systems Magazine,periodico,1941-1197,,2016,True,ISSN
2025 International Conference on Information Technology Research and Innovation (ICITRI),conferencia,,979-8-3315-6940-2,2025,True,ISBN
2025 10th International Conference on Cloud Computing and Big Data Analytics (ICCCBDA),conferencia,2832-3734,979-8-3315-3080-8,2025,True,ISBN
2023 3rd Asian Conference on Innovation in Technology (ASIANCON),conferencia,,979-8-3503-0228-8,2023,True,ISBN
2024 7th International Conference on Circuit Power and Computing Technologies (ICCPCT),conferencia,,979-8-3503-7281-6,2024,True,ISBN
2024 IEEE Conference on Engineering Informatics (ICEI),conferencia,,979-8-3315-0577-6,2024,True,ISBN
2025 IEEE 30th International Workshop on Computer Aided Modeling and Design of Communication Links and Networks (CAMAD),conferencia,2378-4873,979-8-3315-6534-3,2025,True,ISBN
2019 IEEE 19th Mediterranean Microwave Symposium (MMS),conferencia,2157-9830,978-1-7281-4064-3,2019,True,ISSN_SERIE
2018 IEEE 38th International Conference on Electronics and Nanotechnology (ELNANO),conferencia,,978-1-5386-6383-7,2018,True,ISBN
Journal of Modern Power Systems and Clean Energy,periodico,2196-5420,,2026,True,ISSN
"2024 10th International Conference on Computing, Engineering and Design (ICCED)",conferencia,2767-7826,979-8-3315-2937-6,2024,True,ISBN
2024 IEEE 5th International Conference on Advanced Trends in Information Theory (ATIT),conferencia,,979-8-3315-1016-9,2024,True,ISBN
5th International Conference on Computer Sciences and Convergence Information Technology,conferencia,,978-89-88678-30-5,2010,False,
"2025 International Conference on Communications, Computing, Cybersecurity, and Informatics (CCCI)",conferencia,,979-8-3315-0196-9,2025,True,ISBN
2025 6th International Conference on Control and Fault-Tolerant Systems (SysTol),conferencia,2162-1209,978-1-6654-5771-2,2025,True,ISBN
"2024 6th International Conference on Robotics, Intelligent Control and Artificial Intelligence (RICAI)",conferencia,,979-8-3315-4169-9,2024,True,ISBN
2025 IEEE 34th International Symposium on Industrial Electronics (ISIE),conferencia,2163-5145,979-8-3503-7479-7,2025,True,ISBN
2024 1st International Conference on Sustainability and Technological Advancements in Engineering Domain (SUSTAINED),conferencia,,979-8-3503-9165-7,2024,True,ISBN
"2025 11th International Conference on Control, Decision and Information Technologies (CoDIT)",conferencia,2576-3555,979-8-3315-0338-3,2025,True,ISBN
2025 2nd International Conference on Computing and Data Science (ICCDS),conferencia,,979-8-3315-9668-2,2025,True,ISBN
2023 4th International Conference on Artificial Intelligence and Data Sciences (AiDAS),conferencia,,979-8-3503-1843-2,2023,True,ISBN
2025 15th International Conference on Advanced Computer Information Technologies (ACIT),conferencia,2770-5226,979-8-3315-9544-9,2025,True,ISSN_SERIE
2025 International Symposium on iNnovative Informatics of Biskra (ISNIB),conferencia,,979-8-3315-0957-6,2025,True,ISBN
2024 8th International Conference on Computational System and Information Technology for Sustainable Solutions (CSITSS),conferencia,2767-1097,979-8-3315-0546-2,2024,True,ISBN
"2019 22nd Conference on Innovation in Clouds, Internet and Networks and Workshops (ICIN)",conferencia,2472-8144,978-1-5386-8336-1,2019,True,ISBN
2025 International Conference on Next Generation Communication & Information Processing (INCIP),conferencia,,979-8-3315-2814-0,2025,True,ISBN
2024 4th International Conference on Innovative Sustainable Computational Technologies (CISCT),conferencia,,979-8-3503-7814-6,2024,True,ISBN
2024 International Conference on IoT Based Control Networks and Intelligent Systems (ICICNIS),conferencia,,979-8-3315-1809-7,2024,True,ISBN
2022 IEEE Symposium on Computers and Communications (ISCC),conferencia,2642-7389,978-1-6654-9792-3,2022,True,ISBN
2025 IEEE Technology and Engineering Management Society Conference - Global (TEMSCON Global),conferencia,,979-8-3315-4274-0,2025,True,ISBN
2017 20th International Conference on Information Fusion (Fusion),conferencia,,978-0-9964-5270-0,2017,True,ISBN
2023 International Conference on Inventive Computation Technologies (ICICT),conferencia,2767-7788,979-8-3503-9849-6,2023,True,ISBN
2024 International Conference on Integrated Intelligence and Communication Systems (ICIICS),conferencia,,979-8-3315-0496-0,2024,True,ISBN
2024 International Conference on Inventive Computation Technologies (ICICT),conferencia,2767-7788,979-8-3503-5929-9,2024,True,ISBN
2024 14th International Conference on Computer and Knowledge Engineering (ICCKE),conferencia,2643-279X,979-8-3315-1127-2,2024,True,ISBN
2025 International Conference on Intelligent Computing and Control Systems (ICICCS),conferencia,,979-8-3315-1208-8,2025,True,ISBN
2017 International Carnahan Conference on Security Technology (ICCST),conferencia,2153-0742,978-1-5386-1585-0,2017,True,ISBN
Proceedings of the IEEE,periodico,1558-2256,,2021,True,ISSN
IEEE Open Journal of the Computer Society,periodico,2644-1268,,2021,True,ISSN
OCEANS 2024 - Halifax,conferencia,2996-1882,979-8-3315-4008-1,2024,True,ISBN
"2025 International Conference on Electronics, AI and Computing (EAIC)",conferencia,,979-8-3315-5358-6,2025,True,ISBN
"2022 IEEE International Conference on Systems, Man, and Cybernetics (SMC)",conferencia,2577-1655,978-1-6654-5258-8,2022,True,ISBN
2023 IEEE 6th International Conference on Knowledge Innovation and Invention (ICKII),conferencia,2770-4785,979-8-3503-2353-5,2023,True,ISBN
2011 International Conference on Advanced Intelligence and Awareness Internet (AIAI 2011),conferencia,,978-1-84919-471-6,2011,False,
2023 26th International Conference on Computer and Information Technology (ICCIT),conferencia,,979-8-3503-5901-5,2023,True,ISBN
IEEE Systems Journal,periodico,1937-9234,,2014,True,ISSN
"2025 International Conference on Intelligent Computer Systems, Data Science and Applications (IC2SDA)",conferencia,,979-8-3315-6892-4,2025,True,ISBN
2018 International Conference on Intelligent Systems (IS),conferencia,1541-1672,978-1-5386-7097-2,2018,True,ISBN
"2025 International Conference on Electrical, Communication and Computer Engineering (ICECCE)",conferencia,,979-8-3315-4915-2,2025,True,ISBN
2024 International Annual Conference on Complex Systems and Intelligent Science (CSIS-IAC),conferencia,,979-8-3315-0475-5,2024,True,ISBN
2025 European Data Handling & Data Processing Conference (EDHPC),conferencia,,979-8-3503-7954-9,2025,True,ISBN
2025 IEEE Smart World Congress (SWC),conferencia,2993-396X,979-8-3315-7598-4,2025,True,ISBN
2012 15th International Conference on Information Fusion,conferencia,,978-0-9824438-5-9,2012,False,
"2025 Fifth International Conference on Advances in Electrical, Computing, Communication and Sustainable Technologies (ICAECT)",conferencia,,979-8-3503-5623-6,2025,True,ISBN
"2025 IEEE 2nd International Conference on Information Technology, Electronics and Intelligent Communication Systems (ICITEICS)",conferencia,,979-8-3315-0784-8,2025,True,ISBN
"2023 2nd International Conference on Automation, Computing and Renewable Systems (ICACRS)",conferencia,,979-8-3503-4023-5,2023,True,ISBN
2023 3rd Power System and Green Energy Conference (PSGEC),conferencia,,979-8-3503-4009-9,2023,True,ISBN
2024 IEEE 8th International Conference on Fog and Edge Computing (ICFEC),conferencia,2694-3255,979-8-3503-6135-3,2024,True,ISBN
2024 International Conference on Emerging Smart Computing and Informatics (ESCI),conferencia,,979-8-3503-0661-3,2024,True,ISBN
2024 International Conference on IT Innovation and Knowledge Discovery (ITIKD),conferencia,,979-8-3503-5546-8,2025,True,ISBN
2025 5th International Conference on Expert Clouds and Applications (ICOECA),conferencia,,979-8-3315-2447-0,2025,True,ISBN
2025 IEEE 5th International Conference on ICT in Business Industry & Government (ICTBIG),conferencia,,979-8-3315-7981-4,2025,True,ISBN
2025 International Conference on NexGen Networks and Cybernetics (IC2NC),conferencia,,979-8-3315-9484-8,2025,True,ISBN
2025 IEEE International Conference on Communications Workshops (ICC Workshops),conferencia,2694-2941,979-8-3315-9624-8,2025,True,ISBN
"2025 Third International Conference on Networks, Multimedia and Information Technology (NMITCON)",conferencia,,979-8-3315-1308-5,2025,True,ISBN
2024 4th Power System and Green Energy Conference (PSGEC),conferencia,,979-8-3503-6557-3,2024,True,ISBN
"2021 IEEE 4th International Conference on Automation, Electronics and Electrical Engineering (AUTEEE)",conferencia,,978-1-6654-2839-2,2021,True,ISBN
"2025 32nd International Conference on Systems, Signals and Image Processing (IWSSIP)",conferencia,2157-8702,979-8-3503-9289-0,2025,True,ISBN
2023 9th IEEE India International Conference on Power Electronics (IICPE),conferencia,2160-3170,979-8-3503-0725-2,2023,True,ISBN
2025 International Conference on Electrical Engineering and Informatics (ICEEI),conferencia,2155-6830,979-8-3315-9271-4,2025,True,ISBN
2024 27th International Conference on Computer and Information Technology (ICCIT),conferencia,2474-9656,979-8-3315-1909-4,2024,True,ISBN
4th IEEE International Conference on Digital Ecosystems and Technologies,conferencia,2150-4946,978-1-4244-5553-9,2010,True,ISSN_SERIE
2023 2nd International Conference on Artificial Intelligence and Intelligent Information Processing (AIIIP),conferencia,,979-8-3503-7145-1,2023,True,ISBN
"2024 IEEE 35th International Symposium on Personal, Indoor and Mobile Radio Communications (PIMRC)",conferencia,2166-9589,979-8-3503-6224-4,2024,True,ISBN
"2025 International Conference on Green Energy, Computing and Sustainable Technology (GECOST)",conferencia,,978-1-6654-7803-8,2025,True,ISBN
2025 IEEE 6th Global Conference for Advancement in Technology (GCAT),conferencia,,979-8-3315-1458-7,2025,True,ISBN
2025 International Conference on Computing for Sustainability and Intelligent Future (COMP-SIF),conferencia,,979-8-3315-3853-8,2025,True,ISBN
2024 12th International Symposium on Digital Forensics and Security (ISDFS),conferencia,2768-1831,979-8-3503-3036-6,2024,True,ISBN
IEEE Instrumentation & Measurement Magazine,periodico,1941-0123,,2024,True,ISSN
2025 IEEE 16th International Symposium on Autonomous Decentralized Systems (ISADS),conferencia,2640-7485,979-8-3315-8919-6,2025,True,ISBN
2024 5th International Conference for Emerging Technology (INCET),conferencia,,979-8-3503-6115-5,2024,True,ISBN
2024 IEEE International Conference on Consumer Electronics (ICCE),conferencia,2158-4001,979-8-3503-2413-6,2024,True,ISBN
2025 IEEE International Conference on Cyber Security and Resilience (CSR),conferencia,,979-8-3315-3591-9,2025,True,ISBN
2025 IEEE International Black Sea Conference on Communications and Networking (BlackSeaCom),conferencia,2687-9808,979-8-3315-3719-7,2025,True,ISBN
2025 IEEE International Conference on Information Reuse and Integration and Data Science (IRI),conferencia,2835-5776,979-8-3315-9944-7,2025,True,ISBN
2025 5th Intelligent Cybersecurity Conference (ICSC),conferencia,,979-8-3503-9292-0,2025,True,ISBN
IEEE Journal of Radio Frequency Identification,periodico,2469-7281,,2026,True,ISSN
2024 8th CAA International Conference on Vehicular Control and Intelligence (CVCI),conferencia,,979-8-3315-0489-2,2024,True,ISBN
2025 IEEE 15th Symposium on Computer Applications & Industrial Electronics (ISCAIE),conferencia,2836-4317,979-8-3315-2166-0,2025,True,ISBN
"2025 9th International Conference on Computing, Communication, Control and Automation (ICCCBEA)",conferencia,2771-1358,979-8-3315-4903-9,2025,True,ISBN
IBM Journal of Research and Development,periodico,0018-8646,,2010,True,ISSN
2020 International Conference Engineering Technologies and Computer Science (EnT),conferencia,,978-1-7281-8090-8,2020,True,ISBN
2025 IEEE Energy Conversion Congress & Exposition Asia (ECCE-Asia),conferencia,,979-8-3315-1886-8,2025,True,ISBN
2025 10th International Conference on Power and Renewable Energy (ICPRE),conferencia,2768-0525,979-8-3315-8662-1,2025,True,ISBN
2020 International Conference on Emerging Trends in Information Technology and Engineering (ic-ETITE),conferencia,,978-1-7281-4142-8,2020,True,ISBN
2025 IEEE 34th Wireless and Optical Communications Conference (WOCC),conferencia,2379-1276,979-8-3315-3928-3,2025,True,ISBN
"2022 2nd International Conference on Algorithms, High Performance Computing and Artificial Intelligence (AHPCAI)",conferencia,,979-8-3503-3478-4,2022,True,ISBN
2025 8th International Conference on Trends in Electronics and Informatics (ICOEI),conferencia,,979-8-3315-4460-7,2025,True,ISBN
2020 IEEE Midwest Industry Conference (MIC),conferencia,,978-1-7281-8386-2,2020,True,ISBN
2016 3rd International Conference on Computing for Sustainable Global Development (INDIACom),conferencia,,978-9-3805-4421-2,2016,False,
"2025 IEEE 7th International Conference on Communications, Information System and Computer Engineering (CISCE)",conferencia,2833-2423,979-8-3315-0161-7,2025,True,ISBN
2016 International Conference on Condition Monitoring and Diagnosis (CMD),conferencia,,978-1-5090-3398-0,2016,True,ISBN
2021 IEEE Sensors,conferencia,2168-9229,978-1-7281-9501-8,2021,True,ISBN
2010 Third International Symposium on Information Science and Engineering,conferencia,2160-1291,978-1-61284-428-2,2010,False,
"2025 International Conference for Artificial Intelligence, Applications, Innovation and Ethics (AI2E)",conferencia,,979-8-3315-1373-3,2025,True,ISBN
2011 EPU-CRIS International Conference on Science and Technology,conferencia,,978-1-4673-0355-2,2011,False,
2025 IEEE 21st International Conference on Automation Science and Engineering (CASE),conferencia,2161-8089,979-8-3315-2246-9,2025,True,ISBN
2025 IEEE International Conference on Electrical Energy Conversion Systems and Control（IEECSC),conferencia,,979-8-3315-4187-3,2025,True,ISBN
2025 International Conference on Biomedical Engineering and Sustainable Healthcare (ICBMESH),conferencia,,979-8-3315-0207-2,2025,True,ISBN
2024 IEEE International Conference on Automatic Control and Intelligent Systems (I2CACIS),conferencia,2995-2859,979-8-3503-7210-6,2024,True,ISBN
2025 6th International Conference on Computer Vision and Data Mining (ICCVDM),conferencia,,979-8-3315-6621-0,2025,True,ISBN
2025 International Conference on Advances in Electrical Engineering and Computer Applications (AEECA),conferencia,,979-8-3315-9469-5,2025,True,ISBN
"2025 IEEE Sensor Data Fusion: Trends, Solutions, Applications (SDF)",conferencia,2473-7666,979-8-3315-7651-6,2025,True,ISBN
2024 12th International Electrical Engineering Congress (iEECON),conferencia,,979-8-3503-8359-1,2024,True,ISBN
2025 IEEE International Conference on Industrial Engineering and Engineering Management (IEEM),conferencia,,979-8-3315-2521-7,2025,True,ISBN
2022 6th International Conference on Universal Village (UV),conferencia,,978-1-6654-7477-1,2022,True,ISBN
2025 3rd International Conference on Intelligent Data Communication Technologies and Internet of Things (IDCIoT),conferencia,,979-8-3315-2754-9,2025,True,ISBN
2018 IEEE International Conference on Cloud Engineering (IC2E),conferencia,,978-1-5386-5008-0,2018,True,ISBN
2014 IEEE Aerospace Conference,conferencia,1095-323X,978-1-4799-1622-1,2014,True,ISBN
"2025 4th International Conference on Artificial Intelligence, Internet and Digital Economy (ICAID)",conferencia,,979-8-3315-1066-4,2025,True,ISBN
OCEANS 2025 - Great Lakes,conferencia,2996-1882,979-8-218-73628-6,2025,True,ISBN
2019 International Multidisciplinary Information Technology and Engineering Conference (IMITEC),conferencia,,978-1-7281-0040-1,2019,True,ISBN
"2025 International Conference on Intelligent and Innovative Technologies in Computing, Electrical and Electronics (IITCEE)",conferencia,,979-8-3315-1591-1,2025,True,ISBN
"2025 IEEE 36th International Symposium on Personal, Indoor and Mobile Radio Communications (PIMRC)",conferencia,2166-9589,979-8-3503-6323-4,2025,True,ISBN
2024 International Conference on Information Management and Technology (ICIMTech),conferencia,2837-2778,979-8-3503-9002-5,2024,True,ISBN
2025 4th International Conference on Innovative Mechanisms for Industry Applications (ICIMIA),conferencia,,979-8-3315-5386-9,2025,True,ISBN
2024 International Conference on Progressive Innovations in Intelligent Systems and Data Science (ICPIDS),conferencia,,979-8-3315-3469-1,2024,True,ISBN
2024 International Conference on Information Technology Research and Innovation (ICITRI),conferencia,,979-8-3503-7621-0,2024,True,ISBN
"2015 6th International Conference on Information, Intelligence, Systems and Applications (IISA)",conferencia,,978-1-4673-9311-9,2015,True,ISBN
2025 IEEE International Conference on Digital Health (ICDH),conferencia,,979-8-3315-5561-0,2025,True,ISBN
2024 IEEE 9th International Conference on Engineering Technologies and Applied Sciences (ICETAS),conferencia,2769-4518,979-8-3503-6314-2,2024,True,ISBN
2025 International Conference on Electromechanical and Energy Systems (SIELMEN),conferencia,,979-8-3315-8511-2,2025,True,ISBN
2025 International Conference on Advanced Computing and Intelligent Robotics Applications (ACIRA),conferencia,,979-8-3315-5742-3,2025,True,ISBN
2024 7th International Conference on Software and System Engineering (ICoSSE),conferencia,,979-8-3503-8659-2,2024,True,ISBN
2025 21st International Conference on Distributed Computing in Smart Systems and the Internet of Things (DCOSS-IoT),conferencia,2325-2944,979-8-3315-4372-3,2025,True,ISBN
2025 International Conference on INnovations in Intelligent SysTems and Applications (INISTA),conferencia,2768-7295,979-8-3315-7024-8,2025,True,ISBN
2025 7th International Conference on Intelligent Sustainable Systems (ICISS),conferencia,,979-8-3315-2243-8,2025,True,ISBN
2019 International Conference on Content-Based Multimedia Indexing (CBMI),conferencia,1949-3991,978-1-7281-4673-7,2019,True,ISBN
International Conference on Computer Vision and Internet of Things 2023 (ICCVIoT'23),conferencia,,978-1-83953-999-2,2023,False,
2024 9th International Conference on Computer Science and Engineering (UBMK),conferencia,2521-1641,979-8-3503-6588-7,2024,True,ISBN
2024 8th International Symposium on Multidisciplinary Studies and Innovative Technologies (ISMSIT),conferencia,2770-7962,979-8-3503-5442-3,2024,True,ISBN
2024 4th International Conference on Technological Advancements in Computational Sciences (ICTACS),conferencia,,979-8-3503-8749-0,2024,True,ISBN
IEEE Transactions on Learning Technologies,periodico,1939-1382,,2025,True,ISSN
2025 IEEE 11th Information Technology International Seminar (ITIS),conferencia,,979-8-3315-8995-0,2025,True,ISBN
"2021 4th International Conference on Energy, Electrical and Power Engineering (CEEPE)",conferencia,,978-1-6654-3363-1,2021,True,ISBN
Parul University International Conference on Engineering and Technology 2025 (PiCET 2025),conferencia,,978-1-83724-334-1,2025,True,ISBN
2016 Eighth International Conference on Ubiquitous and Future Networks (ICUFN),conferencia,2165-8536,978-1-4673-9991-3,2016,True,ISBN
IEEE Open Journal of the Communications Society,periodico,2644-125X,,2025,True,ISSN
2024 IEEE 9th International Conference for Convergence in Technology (I2CT),conferencia,,979-8-3503-9447-4,2024,True,ISBN
"2024 IEEE 4th International Conference on Electronic Technology, Communication and Information (ICETCI)",conferencia,,979-8-3503-6164-3,2024,True,ISBN
"2023 IEEE CHILEAN Conference on Electrical, Electronics Engineering, Information and Communication Technologies (CHILECON)",conferencia,2832-1537,979-8-3503-6953-3,2023,True,ISBN
2025 Artificial Intelligence and Smart Technologies for Sustainability Conference (AISTS),conferencia,,979-8-3315-9852-5,2025,True,ISBN
IEEE Transactions on Mobile Computing,periodico,1558-0660,,2024,True,ISSN
"2025 Design, Automation & Test in Europe Conference (DATE)",conferencia,1558-1101,978-3-9826741-0-0,2025,True,ISBN
2016 6th International Conference on IT Convergence and Security (ICITCS),conferencia,,978-1-5090-3765-0,2016,True,TITULO_FUZZY_ANO(97)
2010 The 2nd Conference on Environmental Science and Information Application Technology,conferencia,,978-1-4244-7390-8,2010,False,
2014 1st International Conference on Information and Communication Technologies for Disaster Management (ICT-DM),conferencia,,978-1-4799-4767-6,2014,True,ISBN
IEEE/AFCEA EUROCOMM 2000. Information Systems for Enhanced Public Safety and Security (Cat. No.00EX405),conferencia,,0-7803-6323-X,2000,False,
2020 IEEE 23rd International Conference on Information Fusion (FUSION),conferencia,,978-0-578-64709-8,2020,True,ISBN
2012 International Conference on Industrial Control and Electronics Engineering,conferencia,,978-1-4673-1450-3,2012,False,
2006 9th International Conference on Information Fusion,conferencia,,1-4244-0953-5,2006,False,
2005 7th International Conference on Information Fusion,conferencia,,0-7803-9286-8,2005,False,
"2024 International Conference on Intelligent Communication, Sensing and Electromagnetics (ICSE)",conferencia,,979-8-3503-5493-5,2024,True,ISBN
MILCOM 2009 - 2009 IEEE Military Communications Conference,conferencia,2155-7586,978-1-4244-5238-5,2009,True,ISSN_SERIE
"2012 8th International Conference on Wireless Communications, Networking and Mobile Computing",conferencia,2161-9654,978-1-61284-683-5,2012,True,ISSN_SERIE
2008 IEEE Pacific-Asia Workshop on Computational Intelligence and Industrial Application,conferencia,,978-0-7695-3490-9,2008,False,
2007 10th International Conference on Information Fusion,conferencia,,978-0-662-45804-3,2007,False,
"SMC'03 Conference Proceedings. 2003 IEEE International Conference on Systems, Man and Cybernetics. Conference Theme - System Security and Assurance (Cat. No.03CH37483)",conferencia,1062-922X,0-7803-7952-7,2003,True,ISSN_SERIE
MILCOM 2017 - 2017 IEEE Military Communications Conference (MILCOM),conferencia,2155-7586,978-1-5386-0595-0,2017,True,ISBN
2013 13th International Conference on Intellient Systems Design and Applications,conferencia,2164-7151,978-1-4799-3516-1,2013,True,ISBN
2018 IEEE International Conference on Big Data (Big Data),conferencia,,978-1-5386-5035-6,2018,True,ISBN
2015 8th International Conference on Biomedical Engineering and Informatics (BMEI),conferencia,,978-1-5090-0022-7,2015,True,ISBN
2025 IEEE International systems Conference (SysCon),conferencia,2472-9647,979-8-3315-0818-0,2025,True,ISBN
"2022 45th Jubilee International Convention on Information, Communication and Electronic Technology (MIPRO)",conferencia,2623-8764,978-953-233-103-5,2022,True,ISBN
2020 Annual Reliability and Maintainability Symposium (RAMS),conferencia,2577-0993,978-1-7281-3690-5,2020,False,
2023 International Conference on Military Communications and Information Systems (ICMCIS),conferencia,,979-8-3503-4385-4,2023,True,ISBN
2024 4th Asia-Pacific Conference on Communications Technology and Computer Science (ACCTCS),conferencia,,979-8-3503-5998-5,2024,True,ISBN
"2016 IEEE 2nd International Conference on Big Data Security on Cloud (BigDataSecurity), IEEE International Conference on High Performance and Smart Computing (HPSC), and IEEE International Conference on Intelligent Data and Security (IDS)",conferencia,,978-1-5090-2403-2,2016,False,
"2022 IEEE 24th Int Conf on High Performance Computing & Communications; 8th Int Conf on Data Science & Systems; 20th Int Conf on Smart City; 8th Int Conf on Dependability in Sensor, Cloud & Big Data Systems & Application (HPCC/DSS/SmartCity/DependSys)",conferencia,,979-8-3503-1993-4,2022,True,ISBN
IEEE Transactions on Computational Social Systems,periodico,2329-924X,,2023,True,ISSN
2020 International Symposium on Community-centric Systems (CcS),conferencia,,978-1-7281-8741-9,2020,True,ISBN
2021 Eighth International Conference on eDemocracy & eGovernment (ICEDEG),conferencia,2573-1998,978-1-6654-2512-4,2021,False,
2016 16th International Symposium on Communications and Information Technologies (ISCIT),conferencia,,978-1-5090-4099-5,2016,True,ISBN
"2019 IEEE International Conference on Smart Manufacturing, Industrial & Logistics Engineering (SMILE)",conferencia,,978-1-5386-7998-2,2019,True,ISBN
2016 SAI Computing Conference (SAI),conferencia,,978-1-4673-8460-5,2016,True,ISBN
"2017 International Conference on Engineering, Technology and Innovation (ICE/ITMC)",conferencia,,978-1-5386-0774-9,2017,True,ISBN
"2018 IEEE SmartWorld, Ubiquitous Intelligence & Computing, Advanced & Trusted Computing, Scalable Computing & Communications, Cloud & Big Data Computing, Internet of People and Smart City Innovation (SmartWorld/SCALCOM/UIC/ATC/CBDCom/IOP/SCI)",conferencia,,978-1-5386-9380-3,2018,True,ISBN
2019 1st International Informatics and Software Engineering Conference (UBMYK),conferencia,,978-1-7281-3992-0,2019,True,ISBN
2020 IEEE International Conference on Big Data (Big Data),conferencia,,978-1-7281-6251-5,2020,True,ISBN
"2015 Integrated Communication, Navigation and Surveillance Conference (ICNS)",conferencia,2155-4951,978-1-4799-8952-2,2015,True,ISBN
2015 9th International Conference on Application of Information and Communication Technologies (AICT),conferencia,,978-1-4673-6856-8,2015,False,
2016 IEEE International Conference on Healthcare Informatics (ICHI),conferencia,,978-1-5090-6117-4,2016,True,ISBN
2018 IEEE 8th Annual Computing and Communication Workshop and Conference (CCWC),conferencia,,978-1-5386-4649-6,2018,True,ISBN
2022 5th International Conference on Data Science and Information Technology (DSIT),conferencia,,978-1-6654-9868-5,2022,True,ISBN
2017 3rd International Conference on Applied and Theoretical Computing and Communication Technology (iCATccT),conferencia,,978-1-5386-1144-9,2017,True,ISBN
"2023 IEEE 22nd International Conference on Trust, Security and Privacy in Computing and Communications (TrustCom)",conferencia,2324-9013,979-8-3503-8199-3,2023,True,ISBN
"2019 IEEE SmartWorld, Ubiquitous Intelligence & Computing, Advanced & Trusted Computing, Scalable Computing & Communications, Cloud & Big Data Computing, Internet of People and Smart City Innovation (SmartWorld/SCALCOM/UIC/ATC/CBDCom/IOP/SCI)",conferencia,,978-1-7281-4034-6,2019,True,ISBN
2023 International Conference on Self Sustainable Artificial Intelligence Systems (ICSSAS),conferencia,,979-8-3503-0085-7,2023,True,ISBN
2016 IEEE 3rd International Conference on Cyber Security and Cloud Computing (CSCloud),conferencia,,978-1-5090-0946-6,2016,False,
2023 IEEE International Conference on Big Data (BigData),conferencia,,979-8-3503-2445-7,2023,True,ISBN
IEEE Transactions on Knowledge and Data Engineering,periodico,1558-2191,,2023,True,ISSN
OCEANS 2021: San Diego – Porto,conferencia,0197-7385,978-0-692-93559-0,2021,True,ISBN
2016 13th International Joint Conference on Computer Science and Software Engineering (JCSSE),conferencia,,978-1-5090-2033-1,2016,True,ISBN
2016 IEEE/ACM 2nd International Workshop on Big Data Software Engineering (BIGDSE),conferencia,,978-1-4503-4152-3,2016,True,ISBN
2024 International Conference on Ubiquitous Computing and Communications (IUCC),conferencia,,979-8-3315-1199-9,2024,True,ISBN
2018 12th International Conference on Research Challenges in Information Science (RCIS),conferencia,2151-1357,978-1-5386-6517-6,2018,True,ISBN
2023 International Conference on Cyberworlds (CW),conferencia,2642-3596,979-8-3503-1565-3,2023,True,ISBN
2021 17th International Conference on Network and Service Management (CNSM),conferencia,2165-963X,978-3-903176-36-2,2021,True,ISBN
2023 International Russian Smart Industry Conference (SmartIndustryCon),conferencia,,978-1-6654-6429-1,2023,True,ISBN
2011 IEEE 15th International Enterprise Distributed Object Computing Conference Workshops,conferencia,2325-6605,978-0-7695-4426-7,2011,False,
2019 IEEE International Conference on Pervasive Computing and Communications Workshops (PerCom Workshops),conferencia,,978-1-5386-9151-9,2019,True,ISBN
2016 Eighth International Conference on Knowledge and Systems Engineering (KSE),conferencia,,978-1-4673-8929-7,2016,True,ISBN
2013 IEEE 14th International Conference on Mobile Data Management,conferencia,2375-0324,978-0-7695-4973-6,2013,False,
2025 IEEE 41st International Conference on Data Engineering (ICDE),conferencia,2375-026X,979-8-3315-3603-9,2025,True,ISBN
"2020 IEEE International IOT, Electronics and Mechatronics Conference (IEMTRONICS)",conferencia,,978-1-7281-9615-2,2020,True,ISBN
2023 Belarusian-Ural-Siberian Smart Energy Conference (BUSSEC),conferencia,,979-8-3503-5807-0,2023,True,ISBN
Journal of Optical Communications and Networking,periodico,1943-0639,,2022,True,ISSN
2014 IEEE 15th International Conference on Mobile Data Management,conferencia,2375-0324,978-1-4799-5705-7,2014,True,ISBN
2007 IEEE International Conference on Multimedia and Expo,conferencia,1945-788X,1-4244-1016-9,2007,True,ISSN_SERIE
"2021 IEEE International Conference on Electronics, Computing and Communication Technologies (CONECCT)",conferencia,2766-2101,978-1-6654-2849-1,2021,True,ISBN
"2025 3rd International Conference on Advancements in Electrical, Electronics, Communication, Computing and Automation (ICAECA)",conferencia,,979-8-3315-2543-9,2025,True,ISBN
2009 Annual International Conference of the IEEE Engineering in Medicine and Biology Society,conferencia,1558-4615,978-1-4244-3296-7,2009,False,
Proceedings 2001 International Conference on Image Processing (Cat. No.01CH37205),conferencia,,0-7803-6725-1,2001,False,
2021 4th International Conference on Computing and Communications Technologies (ICCCT),conferencia,,978-1-6654-1447-0,2021,True,ISBN
2012 IEEE International Multi-Disciplinary Conference on Cognitive Methods in Situation Awareness and Decision Support,conferencia,2379-1675,978-1-4673-0345-3,2012,False,
2010 11th International Conference on Control Automation Robotics & Vision,conferencia,,978-1-4244-7815-6,2010,False,
2020 IEEE Aerospace Conference,conferencia,1095-323X,978-1-7281-2734-7,2020,True,ISBN
"2024 Integrated Communications, Navigation and Surveillance Conference (ICNS)",conferencia,2155-4951,979-8-3503-9309-5,2024,True,ISBN
2009 International Symposium on Collaborative Technologies and Systems,conferencia,,978-1-4244-4584-4,2009,False,
"Proceedings of 2001 International Symposium on Intelligent Multimedia, Video and Speech Processing. ISIMP 2001 (IEEE Cat. No.01EX489)",conferencia,,962-85766-2-3,2001,False,
2024 IEEE/RSJ International Conference on Intelligent Robots and Systems (IROS),conferencia,2153-0866,979-8-3503-7770-5,2024,True,ISBN
"2010 International Conference on Complex, Intelligent and Software Intensive Systems",conferencia,,978-1-4244-5918-6,2010,False,
"2025 IEEE 2nd International Conference on Computing, Applications and Systems (COMPAS)",conferencia,,979-8-3315-5525-2,2025,True,ISBN
2012 IEEE Applied Imagery Pattern Recognition Workshop (AIPR),conferencia,1550-5219,978-1-4673-4559-0,2012,False,
IEEE Transactions on Nuclear Science,periodico,1558-1578,,2021,True,ISSN
2010 Fifth International Conference on Systems,conferencia,,978-1-4244-6232-2,2010,False,
"2008 The Second International Conference on Mobile Ubiquitous Computing, Systems, Services and Technologies",conferencia,,978-0-7695-3367-4,2008,False,
"2016 IEEE International Conferences on Big Data and Cloud Computing (BDCloud), Social Computing and Networking (SocialCom), Sustainable Computing and Communications (SustainCom) (BDCloud-SocialCom-SustainCom)",conferencia,,978-1-5090-3936-4,2016,True,ISBN
2025 3rd International Conference on Sustainable Computing and Data Communication Systems (ICSCDS),conferencia,,979-8-3315-1250-7,2025,True,ISBN
2011 IEEE Seventh International Conference on e-Science Workshops,conferencia,,978-1-4673-0026-1,2011,False,
2009 IEEE International Conference on Communications,conferencia,1938-1883,978-1-4244-3435-0,2009,False,
2025 IEEE 22nd India Council International Conference (INDICON),conferencia,2325-9418,979-8-3315-9031-4,2025,True,ISBN
"8th International Conference on Collaborative Computing: Networking, Applications and Worksharing (CollaborateCom)",conferencia,,978-1-4673-2740-4,2012,False,
"2023 Design, Automation & Test in Europe Conference & Exhibition (DATE)",conferencia,1558-1101,979-8-3503-9624-9,2023,False,
NAECON 2018 - IEEE National Aerospace and Electronics Conference,conferencia,2379-2027,978-1-5386-6557-2,2018,True,ISBN
2020 8th International Symposium on Digital Forensics and Security (ISDFS),conferencia,,978-1-7281-6939-2,2020,True,ISBN
"2013 IEEE 11th International Conference on Dependable, Autonomic and Secure Computing",conferencia,,978-1-4799-3381-5,2013,True,ISBN
2022 8th International Conference on Big Data and Information Analytics (BigDIA),conferencia,2771-6902,978-1-6654-8796-2,2022,True,ISBN
IEEE Intelligent Systems,periodico,1941-1294,,2014,True,ISSN
2022 8th International Conference on Advanced Computing and Communication Systems (ICACCS),conferencia,2575-7288,978-1-6654-0816-5,2022,True,ISBN
2021 IEEE International Conference on Big Data and Smart Computing (BigComp),conferencia,2375-9356,978-1-7281-8924-6,2021,True,ISBN
"2021 3rd International Congress on Human-Computer Interaction, Optimization and Robotic Applications (HORA)",conferencia,,978-1-6654-4058-5,2021,True,ISBN
2025 10th International Conference on Big Data Analytics (ICBDA),conferencia,2832-3734,979-8-3315-0393-2,2025,True,ISBN
2024 35th Annual SEMI Advanced Semiconductor Manufacturing Conference (ASMC),conferencia,2376-6697,979-8-3503-8455-0,2024,True,ISBN
2019 IEEE 35th International Conference on Data Engineering Workshops (ICDEW),conferencia,2473-3490,978-1-7281-0890-2,2019,True,ISBN
"2015 IEEE International Conference on Cyber Technology in Automation, Control, and Intelligent Systems (CYBER)",conferencia,,978-1-4799-8730-6,2015,True,TITULO_FUZZY_ANO(95)
2015 IEEE Frontiers in Education Conference (FIE),conferencia,,978-1-4799-8454-1,2015,False,
2018 5th Asia-Pacific World Congress on Computer Science and Engineering (APWC on CSE),conferencia,,978-1-7281-1390-6,2018,True,ISBN
2022 13th International Conference on Computing Communication and Networking Technologies (ICCCNT),conferencia,,978-1-6654-5262-5,2022,True,ISBN
2023 2nd International Conference on Artificial Intelligence and Autonomous Robot Systems (AIARS),conferencia,,979-8-3503-2435-8,2023,True,ISBN
2024 9th International Conference on Electronic Technology and Information Science (ICETIS),conferencia,,979-8-3503-8834-3,2024,True,ISBN
2020 International Conference on Development and Application Systems (DAS),conferencia,,978-1-7281-6870-8,2020,True,ISBN
"2021 44th International Convention on Information, Communication and Electronic Technology (MIPRO)",conferencia,2623-8764,978-953-233-101-1,2021,True,ISBN
2023 Innovations in Intelligent Systems and Applications Conference (ASYU),conferencia,2770-7946,979-8-3503-0659-0,2023,True,ISBN
2021 IEEE Power & Energy Society Innovative Smart Grid Technologies Conference (ISGT),conferencia,2472-8152,978-1-7281-8897-3,2021,True,ISBN
"2016 8th IFIP International Conference on New Technologies, Mobility and Security (NTMS)",conferencia,2157-4960,978-1-5090-2914-3,2016,True,ISBN
"2023 5th International Conference on Machine Learning, Big Data and Business Intelligence (MLBDBI)",conferencia,2994-2977,979-8-3503-5993-0,2023,True,ISBN
2022 IEEE 95th Vehicular Technology Conference: (VTC2022-Spring),conferencia,2577-2465,978-1-6654-8243-1,2022,True,ISBN
"2021 15th International Conference on Advanced Technologies, Systems and Services in Telecommunications (TELSIKS)",conferencia,,978-1-6654-4442-2,2021,True,ISBN
2019 IEEE International Conference on Big Data (Big Data),conferencia,,978-1-7281-0858-2,2019,True,ISBN
"2015 International Conference on Intelligent Transportation, Big Data and Smart City",conferencia,,978-1-5090-0464-5,2015,True,ISBN
2019 2nd International Conference on Safety Produce Informatization (IICSPI),conferencia,,978-1-7281-4566-2,2019,True,ISBN
"2023 International Conference on Computers, Information Processing and Advanced Education (CIPAE)",conferencia,,979-8-3503-4271-0,2023,True,ISBN
2023 International Conference on Information Technology (ICIT),conferencia,2831-3399,979-8-3503-2006-0,2023,True,ISBN
IEEE Transactions on Fuzzy Systems,periodico,1941-0034,,2018,True,ISSN
2019 IEEE World Congress on Services (SERVICES),conferencia,2642-939X,978-1-7281-3851-0,2019,True,ISBN
"2024 3rd International Conference on Energy, Power and Electrical Technology (ICEPET)",conferencia,,979-8-3503-5265-8,2024,True,ISBN
2016 International Conference on Innovation and Challenges in Cyber Security (ICICCS-INBUSH),conferencia,,978-1-5090-2084-3,2016,True,ISBN
2020 International Conference of Digital Transformation and Innovation Technology (Incodtrin),conferencia,,978-1-6654-2319-9,2020,True,ISBN
2017 IEEE AFRICON,conferencia,2153-0033,978-1-5386-2775-4,2017,True,ISBN
2015 3rd International Conference on Future Internet of Things and Cloud,conferencia,,978-1-4673-8103-1,2015,True,ISBN
"2021 Eighth International Conference on Social Network Analysis, Management and Security (SNAMS)",conferencia,,978-1-6654-9495-3,2021,True,ISBN
"2023 International Conference on Electrical, Computer and Energy Technologies (ICECET)",conferencia,,979-8-3503-2781-6,2023,True,ISBN
2020 3rd International Conference on Information and Computer Technologies (ICICT),conferencia,,978-1-7281-7283-5,2020,True,ISBN
2020 5th International Conference on Cloud Computing and Artificial Intelligence: Technologies and Applications (CloudTech),conferencia,,978-1-7281-6175-4,2020,True,ISBN
2020 IEEE Sixth International Conference on Big Data Computing Service and Applications (BigDataService),conferencia,,978-1-7281-7022-0,2020,True,ISBN
"2022 IEEE 46th Annual Computers, Software, and Applications Conference (COMPSAC)",conferencia,0730-3157,978-1-6654-8810-5,2022,True,ISBN
"2020 IEEE International Conference on Technology, Engineering, Management for Societal impact using Marketing, Entrepreneurship and Talent (TEMSMET)",conferencia,,978-1-6654-0482-2,2020,False,
2014 International Conference on Collaboration Technologies and Systems (CTS),conferencia,,978-1-4799-5158-1,2014,True,TITULO_FUZZY_ANO(97)
2022 IEEE International Conference on Big Data (Big Data),conferencia,,978-1-6654-8045-1,2022,True,ISBN
2019 14th International Conference on Computer Science & Education (ICCSE),conferencia,2473-9464,978-1-7281-1846-8,2019,True,TITULO_FUZZY_ANO(97)
"2022 13th International Conference on Information, Intelligence, Systems & Applications (IISA)",conferencia,,978-1-6654-6390-4,2022,True,ISBN
2018 IEEE EMBS International Conference on Biomedical & Health Informatics (BHI),conferencia,,978-1-5386-2405-0,2018,True,ISBN
"2016 International Conference on Computing, Analytics and Security Trends (CAST)",conferencia,,978-1-5090-1338-8,2016,True,ISBN
2023 6th International Conference on Artificial Intelligence and Big Data (ICAIBD),conferencia,2769-3554,978-1-6654-9125-9,2023,True,ISBN
2019 International Conference on Robots & Intelligent System (ICRIS),conferencia,,978-1-7281-2632-6,2019,True,ISBN
"2018 15th International Symposium on Pervasive Systems, Algorithms and Networks (I-SPAN)",conferencia,2375-527X,978-1-5386-8534-1,2018,True,ISBN
"2025 IEEE 3rd International Conference on Sensors, Electronics and Computer Engineering (ICSECE)",conferencia,,979-8-3315-0356-7,2025,True,ISBN
2022 7th International Conference on Big Data Analytics (ICBDA),conferencia,,978-1-6654-7938-7,2022,True,ISBN
2016 International Conference on Electrical and Information Technologies (ICEIT),conferencia,,978-1-4673-8469-8,2016,True,ISBN
2015 IEEE Fifth International Conference on Big Data and Cloud Computing,conferencia,,978-1-4673-7183-4,2015,True,ISBN
"2025 IEEE 7th Advanced Information Management, Communicates, Electronic and Automation Control Conference (IMCEC)",conferencia,2693-2776,979-8-3315-1355-9,2025,True,ISBN
"2022 International Conference on Advances in Computing, Communication and Applied Informatics (ACCAI)",conferencia,,978-1-6654-9529-5,2022,True,ISBN
"2015 6th International Conference on Computing, Communication and Networking Technologies (ICCCNT)",conferencia,,978-1-4799-7984-4,2015,True,ISBN
2025 4th International Symposium on Computer Applications and Information Technology (ISCAIT),conferencia,,979-8-3315-4285-6,2025,True,ISBN
2017 IEEE Symposium on Computers and Communications (ISCC),conferencia,,978-1-5386-1629-1,2017,True,ISBN
"2016 39th International Convention on Information and Communication Technology, Electronics and Microelectronics (MIPRO)",conferencia,,978-953-233-086-1,2016,False,
2024 Portland International Conference on Management of Engineering and Technology (PICMET),conferencia,2159-5100,978-1-890843-45-8,2024,True,ISBN
2017 International Conference on Cyber-Enabled Distributed Computing and Knowledge Discovery (CyberC),conferencia,,978-1-5386-2209-4,2017,True,ISBN
2021 5th Annual International Conference on Data Science and Business Analytics (ICDSBA),conferencia,,978-1-6654-4590-0,2021,True,ISBN
2019 Computer Science and Information Technologies (CSIT),conferencia,,978-1-7281-2858-0,2019,True,ISBN
2023 IEEE International Workshop on Metrology for Living Environment (MetroLivEnv),conferencia,,978-1-6654-5693-7,2023,True,ISBN
IEEE Latin America Transactions,periodico,1548-0992,,2020,True,ISSN
2022 IEEE 8th International Conference on Computer and Communications (ICCC),conferencia,,978-1-6654-5051-5,2022,True,ISBN
"2022 International Conference and Utility Exhibition on Energy, Environment and Climate Change (ICUE)",conferencia,,979-8-3503-3326-8,2022,True,ISBN
IEEE Transactions on Smart Grid,periodico,1949-3061,,2017,True,ISSN
2018 International Conference on Information and Communication Technology Convergence (ICTC),conferencia,2162-1233,978-1-5386-5041-7,2018,True,ISSN_SERIE
"2017 17th IEEE/ACM International Symposium on Cluster, Cloud and Grid Computing (CCGRID)",conferencia,,978-1-5090-6611-7,2017,False,
"2021 International Conference on Data Science, Artificial Intelligence, and Business Analytics (DATABIA)",conferencia,,978-1-6654-2680-0,2021,True,ISBN
2023 18th Iberian Conference on Information Systems and Technologies (CISTI),conferencia,2166-0727,978-989-33-4792-8,2023,True,ISBN
"2018 IEEE International Conference on Systems, Man, and Cybernetics (SMC)",conferencia,2577-1655,978-1-5386-6650-0,2018,True,ISBN
2023 9th International Conference on Advanced Computing and Communication Systems (ICACCS),conferencia,2575-7288,979-8-3503-9737-6,2023,True,ISBN
2022 2nd International Conference on Advance Computing and Innovative Technologies in Engineering (ICACITE),conferencia,,978-1-6654-3789-9,2022,True,ISBN
"2022 First International Conference on Electrical, Electronics, Information and Communication Technologies (ICEEICT)",conferencia,,978-1-6654-3647-2,2022,True,ISBN
2014 IEEE 6th International Conference on Cloud Computing Technology and Science,conferencia,,978-1-4799-4093-6,2014,True,ISBN
2018 IEEE International Conference on Applied System Invention (ICASI),conferencia,,978-1-5386-4342-6,2018,True,ISBN
2021 28th Asia-Pacific Software Engineering Conference (APSEC),conferencia,2640-0715,978-1-6654-3784-4,2021,True,ISBN
2024 International Conference on Advanced Technologies for Communications (ATC),conferencia,2162-1039,979-8-3503-5398-3,2024,True,ISBN
"2024 Second International Conference on Networks, Multimedia and Information Technology (NMITCON)",conferencia,,979-8-3503-7289-2,2024,True,ISBN
2023 IEEE 15th International Conference on Computational Intelligence and Communication Networks (CICN),conferencia,2472-7555,979-8-3503-2443-3,2023,True,ISBN
2013 IEEE International Congress on Big Data,conferencia,2379-7703,978-0-7695-5006-0,2013,False,
"2021 29th Euromicro International Conference on Parallel, Distributed and Network-Based Processing (PDP)",conferencia,2377-5750,978-1-6654-1455-5,2021,True,ISBN
2023 2nd International Conference for Innovation in Technology (INOCON),conferencia,,979-8-3503-2092-3,2023,True,ISBN
2023 World Conference on Communication & Computing (WCONF),conferencia,,979-8-3503-1120-4,2023,True,ISBN
2016 IEEE 4th International Conference on Future Internet of Things and Cloud Workshops (FiCloudW),conferencia,,978-1-5090-3946-3,2016,True,ISBN
2024 XIV Brazilian Symposium on Computing Systems Engineering (SBESC),conferencia,2324-7894,979-8-3315-0900-2,2024,True,ISBN
2023 International Conference on IT Innovation and Knowledge Discovery (ITIKD),conferencia,,978-1-6654-6372-0,2023,True,ISBN
"2016 International Conference on Computation of Power, Energy Information and Commuincation (ICCPEIC)",conferencia,,978-1-5090-0901-5,2016,True,ISBN
2016 International Conference on High Performance Computing & Simulation (HPCS),conferencia,,978-1-5090-2088-1,2016,True,ISBN
2021 IEEE 3rd International Conference on Advanced Trends in Information Theory (ATIT),conferencia,,978-1-6654-3847-6,2021,False,
"2020 13th International Congress on Image and Signal Processing, BioMedical Engineering and Informatics (CISP-BMEI)",conferencia,,978-0-7381-0545-1,2020,True,ISBN
2023 IEEE/ACM 20th International Conference on Mining Software Repositories (MSR),conferencia,2574-3864,979-8-3503-1184-6,2023,True,ISBN
2024 International Conference on AI x Data and Knowledge Engineering (AIxDKE),conferencia,2831-7203,979-8-3315-1704-5,2024,True,ISBN
2017 International Artificial Intelligence and Data Processing Symposium (IDAP),conferencia,,978-1-5386-1880-6,2017,True,ISBN
2018 IEEE 12th International Conference on Semantic Computing (ICSC),conferencia,,978-1-5386-4408-9,2018,False,
"2022 4th International Conference on Machine Learning, Big Data and Business Intelligence (MLBDBI)",conferencia,,979-8-3503-3394-7,2022,True,ISBN
2021 2nd International Conference on Big Data Economy and Information Management (BDEIM),conferencia,,978-1-6654-8288-2,2021,True,ISBN
2018 26th International Conference on Geoinformatics,conferencia,2161-0258,978-1-5386-7619-6,2018,True,ISBN
IEEE Open Journal of Intelligent Transportation Systems,periodico,2687-7813,,2024,True,ISSN
2017 IEEE/AIAA 36th Digital Avionics Systems Conference (DASC),conferencia,2155-7209,978-1-5386-0365-9,2017,True,ISBN
2018 21st International Conference of Computer and Information Technology (ICCIT),conferencia,,978-1-5386-9242-4,2018,True,ISBN
2024 Global Conference on Communications and Information Technologies (GCCIT),conferencia,,979-8-3503-8891-6,2024,True,ISBN
"2019 IEEE International Conferences on Ubiquitous Computing & Communications (IUCC) and Data Science and Computational Intelligence (DSCI) and Smart Computing, Networking and Services (SmartCNS)",conferencia,,978-1-7281-5209-7,2019,True,ISBN
"2022 IEEE International Multi-Conference on Engineering, Computer and Information Sciences (SIBIRCON)",conferencia,,978-1-6654-6480-2,2022,True,ISBN
2023 IEEE 21st International Conference on Industrial Informatics (INDIN),conferencia,2378-363X,978-1-6654-9313-0,2023,True,ISBN
"2022 International Conference on Smart Applications, Communications and Networking (SmartNets)",conferencia,,978-1-6654-8758-0,2022,True,ISBN
2017 IEEE 20th International Conference on Intelligent Transportation Systems (ITSC),conferencia,2153-0017,978-1-5386-1526-3,2017,True,ISSN_SERIE
2024 43rd International Conference of the Chilean Computer Science Society (SCCC),conferencia,2691-0632,979-8-3315-2789-1,2024,True,ISBN
"2022 IEEE 5th Advanced Information Management, Communicates, Electronic and Automation Control Conference (IMCEC)",conferencia,2693-2776,978-1-6654-7968-4,2022,True,TITULO_FUZZY_ANO(100)
2025 12th International Conference on Soft Computing & Machine Intelligence (ISCMI),conferencia,2640-0146,979-8-3315-8691-1,2025,False,
"2022 10th International Conference on Reliability, Infocom Technologies and Optimization (Trends and Future Directions) (ICRITO)",conferencia,,978-1-6654-7433-7,2022,True,ISBN
2024 1st International Conference on Innovative Engineering Sciences and Technological Research (ICIESTR),conferencia,,979-8-3503-4863-7,2024,True,ISBN
2018 IEEE 27th International Conference on Enabling Technologies: Infrastructure for Collaborative Enterprises (WETICE),conferencia,1524-4547,978-1-5386-6916-7,2018,True,ISBN
2014 IEEE 12th International Symposium on Applied Machine Intelligence and Informatics (SAMI),conferencia,,978-1-4799-3442-3,2014,True,ISBN
2019 IEEE 8th Data Driven Control and Learning Systems Conference (DDCLS),conferencia,,978-1-7281-1454-5,2019,True,ISBN
2023 2nd International Conference on Smart Cities 4.0,conferencia,,978-1-6654-7430-6,2023,True,ISBN
"2020 Seventh International Conference on Social Networks Analysis, Management and Security (SNAMS)",conferencia,,978-0-7381-1180-3,2020,True,ISBN
"2023 International Conference on Computer Science, Information Technology and Engineering (ICCoSITE)",conferencia,,979-8-3503-2095-4,2023,True,ISBN
2019 15th International Wireless Communications & Mobile Computing Conference (IWCMC),conferencia,2376-6506,978-1-5386-7747-6,2019,True,ISBN
2016 Eleventh International Conference on Digital Information Management (ICDIM),conferencia,,978-1-5090-2641-8,2016,False,
"2017 40th International Convention on Information and Communication Technology, Electronics and Microelectronics (MIPRO)",conferencia,,978-953-233-090-8,2017,False,
"2023 International Conference on Electrical, Communication and Computer Engineering (ICECCE)",conferencia,,979-8-3503-6969-4,2023,True,ISBN
2023 8th International Conference on Frontiers of Signal Processing (ICFSP),conferencia,,979-8-3503-0879-2,2023,True,ISBN
2023 China Automation Congress (CAC),conferencia,2688-0938,979-8-3503-0375-9,2023,True,ISBN
2013 IEEE International Conference on Big Data,conferencia,,978-1-4799-1293-3,2013,False,
"2016 5th International Conference on Reliability, Infocom Technologies and Optimization (Trends and Future Directions) (ICRITO)",conferencia,,978-1-5090-1489-7,2016,True,ISBN
2010 2nd IEEE International Conference on Information Management and Engineering,conferencia,,978-1-4244-5263-7,2010,False,
"2021 International Conference on Electronic Communications, Internet of Things and Big Data (ICEIB)",conferencia,,978-1-6654-3755-4,2021,True,ISBN
2018 IEEE Power & Energy Society General Meeting (PESGM),conferencia,1944-9933,978-1-5386-7703-2,2018,True,ISBN
2017 International Conference on Computing and Communication Technologies for Smart Nation (IC3TSN),conferencia,,978-1-5386-0627-8,2017,True,ISBN
2019 2nd International Conference on Artificial Intelligence and Big Data (ICAIBD),conferencia,,978-1-7281-0831-5,2019,True,ISBN
2018 4th International Conference on Science and Technology (ICST),conferencia,,978-1-5386-5813-0,2018,True,ISBN
2019 International Conference on Virtual Reality and Intelligent Systems (ICVRIS),conferencia,,978-1-7281-5050-5,2019,True,ISBN
IECON 2022 – 48th Annual Conference of the IEEE Industrial Electronics Society,conferencia,2577-1647,978-1-6654-8025-3,2022,True,ISBN
2014 International Conference on Future Internet of Things and Cloud,conferencia,,978-1-4799-4357-9,2014,False,
2015 International Conference on Green Computing and Internet of Things (ICGCIoT),conferencia,,978-1-4673-7910-6,2015,False,
2016 IEEE/ACM International Conference on Advances in Social Networks Analysis and Mining (ASONAM),conferencia,,978-1-5090-2846-7,2016,True,ISBN
"2020 28th Euromicro International Conference on Parallel, Distributed and Network-Based Processing (PDP)",conferencia,2377-5750,978-1-7281-6582-0,2020,True,ISBN
2024 9th International Conference on Big Data Analytics (ICBDA),conferencia,,979-8-3503-5296-2,2024,True,ISBN
"2020 IEEE International Conference on Engineering, Technology and Innovation (ICE/ITMC)",conferencia,,978-1-7281-7037-4,2020,True,ISBN
2019 20th Asia-Pacific Network Operations and Management Symposium (APNOMS),conferencia,2576-8565,978-4-88552-320-5,2019,True,ISBN
2022 41st International Conference of the Chilean Computer Science Society (SCCC),conferencia,2691-0632,978-1-6654-5674-6,2022,True,ISBN
2025 8th International Symposium on Big Data and Applied Statistics (ISBDAS),conferencia,,979-8-3315-0719-0,2025,True,ISBN
2023 IEEE 20th International Conference on Software Architecture Companion (ICSA-C),conferencia,2768-4288,978-1-6654-6459-8,2023,True,ISBN
2014 IEEE International Conference on Big Data (Big Data),conferencia,,978-1-4799-5666-1,2014,False,
"2025 7th International Conference on Signal Processing, Computing and Control (ISPCC)",conferencia,2643-8615,979-8-3315-3893-4,2025,True,ISBN
2022 11th International Conference On Software Process Improvement (CIMPS),conferencia,,979-8-3503-9896-0,2022,True,ISBN
2017 IEEE International Conference on Industrial Technology (ICIT),conferencia,,978-1-5090-5320-9,2017,True,ISBN
"2023 IEEE/ACM 23rd International Symposium on Cluster, Cloud and Internet Computing Workshops (CCGridW)",conferencia,,979-8-3503-0208-0,2023,True,ISBN
2022 International Conference on Information Processing and Network Provisioning (ICIPNP),conferencia,,978-1-6654-6405-5,2022,True,ISBN
2022 11th International Conference on System Modeling & Advancement in Research Trends (SMART),conferencia,2767-7362,978-1-6654-8734-4,2022,False,
2016 13th International Conference on Service Systems and Service Management (ICSSSM),conferencia,2161-1904,978-1-5090-2842-9,2016,True,ISBN
2025 8th International Conference on Artificial Intelligence and Big Data (ICAIBD),conferencia,2769-3554,979-8-3315-1936-0,2025,True,ISBN
2015 International Conference on Soft-Computing and Networks Security (ICSNS),conferencia,,978-1-4799-1753-2,2015,False,
2025 Thirteenth International Conference on Advanced Cloud and Big Data (CBD),conferencia,2573-301X,979-8-3315-7966-1,2025,False,
2020 IEEE 14th International Conference on Semantic Computing (ICSC),conferencia,2325-6516,978-1-7281-6332-1,2020,True,ISBN
"2022 IEEE International Conference on Electrical Engineering, Big Data and Algorithms (EEBDA)",conferencia,,978-1-6654-1606-1,2022,True,ISBN
2016 2nd International Conference on Cloud Computing Technologies and Applications (CloudTech),conferencia,,978-1-4673-8894-8,2016,True,ISBN
2020 IEEE International Conference on Services Computing (SCC),conferencia,2474-2473,978-1-7281-8789-1,2020,True,ISBN
2012 IEEE Aerospace Conference,conferencia,1095-323X,978-1-4577-0557-1,2012,True,ISSN_SERIE
Journal of Mobile Multimedia,periodico,1550-4654,,2022,True,ISSN
2024 IEEE 40th International Conference on Data Engineering (ICDE),conferencia,2375-026X,979-8-3503-1715-2,2024,True,ISBN
2016 ACM/IEEE 7th International Conference on Cyber-Physical Systems (ICCPS),conferencia,,978-1-5090-1772-0,2016,True,ISBN
2023 20th ACS/IEEE International Conference on Computer Systems and Applications (AICCSA),conferencia,2161-5330,979-8-3503-1943-9,2023,True,ISBN
2023 ACM/IEEE International Conference on Model Driven Engineering Languages and Systems Companion (MODELS-C),conferencia,,979-8-3503-2498-3,2023,True,ISBN
2024 International Russian Smart Industry Conference (SmartIndustryCon),conferencia,,979-8-3503-9504-4,2024,True,ISBN
"2018 Second International Conference on Electronics, Communication and Aerospace Technology (ICECA)",conferencia,,978-1-5386-0965-1,2018,True,ISBN
2019 Chinese Automation Congress (CAC),conferencia,2688-0938,978-1-7281-4094-0,2019,True,ISBN
2023 International Conference on Emerging Trends in Networks and Computer Communications (ETNCC),conferencia,,979-8-3503-1487-8,2023,True,ISBN
2023 IEEE 39th International Conference on Data Engineering (ICDE),conferencia,2375-026X,979-8-3503-2227-9,2023,True,ISBN
2025 IEEE International Conference on Cloud Computing Technology and Science (CloudCom),conferencia,2380-8004,979-8-3315-6634-0,2025,True,ISBN
"2024 IEEE 2nd International Conference on Control, Electronics and Computer Technology (ICCECT)",conferencia,,979-8-3503-8095-8,2024,True,ISBN
2022 International Conference on Augmented Intelligence and Sustainable Systems (ICAISS),conferencia,,978-1-6654-8962-1,2022,True,ISBN
"Proceedings of 2014 IEEE International Conference on Service Operations and Logistics, and Informatics",conferencia,,978-1-4799-6058-3,2014,True,ISBN
2020 RIVF International Conference on Computing and Communication Technologies (RIVF),conferencia,2162-786X,978-1-7281-5377-3,2020,True,ISBN
2017 5th International Conference on Future Internet of Things and Cloud Workshops (FiCloudW),conferencia,,978-1-5386-3281-9,2017,False,
"2016 IEEE International Conference on Service Operations and Logistics, and Informatics (SOLI)",conferencia,,978-1-5090-2927-3,2016,True,ISBN
"2021 IEEE 20th International Conference on Trust, Security and Privacy in Computing and Communications (TrustCom)",conferencia,2324-9013,978-1-6654-1658-0,2021,True,ISBN
2020 IEEE 24th International Enterprise Distributed Object Computing Conference (EDOC),conferencia,2325-6362,978-1-7281-6473-1,2020,True,ISBN
IEEE Potentials,periodico,1558-1772,,2020,True,ISSN
"2017 International Conference on Recent Advances in Signal Processing, Telecommunications & Computing (SigTelCom)",conferencia,,978-1-5090-2291-5,2017,True,ISBN
2021 IEEE 15th International Conference on Semantic Computing (ICSC),conferencia,2325-6516,978-1-7281-8899-7,2021,True,ISBN
2020 IEEE 4th Conference on Energy Internet and Energy System Integration (EI2),conferencia,,978-1-7281-9606-0,2020,True,ISBN
Tsinghua Science and Technology,periodico,1007-0214,,2025,True,ISSN
"2017 7th International Conference on Cloud Computing, Data Science & Engineering - Confluence",conferencia,,978-1-5090-3519-9,2017,False,
2022 International Conference on Development and Application Systems (DAS),conferencia,,978-1-6654-8162-5,2022,True,ISBN
2016 International Conference on Communication and Electronics Systems (ICCES),conferencia,,978-1-5090-1066-0,2016,False,
2022 17th Iberian Conference on Information Systems and Technologies (CISTI),conferencia,2166-0727,978-9-8933-3436-2,2022,True,ISBN
2023 Fourth International Conference on Intelligent Data Science Technologies and Applications (IDSTA),conferencia,,979-8-3503-3925-3,2023,True,ISBN
2023 International Conference on Computer Applications Technology (CCAT),conferencia,,979-8-3503-0154-0,2023,True,ISBN
2014 IEEE 20th International Symposium on High Performance Computer Architecture (HPCA),conferencia,2378-203X,978-1-4799-3097-5,2014,True,ISBN
2022 3rd International Informatics and Software Engineering Conference (IISEC),conferencia,,978-1-6654-5995-2,2022,True,ISBN
2021 Third International Conference on Intelligent Communication Technologies and Virtual Mobile Networks (ICICV),conferencia,,978-1-6654-1960-4,2021,False,
2024 28th International Conference on Methods and Models in Automation and Robotics (MMAR),conferencia,2835-2807,979-8-3503-6234-3,2024,True,ISBN
2020 Innovations in Intelligent Systems and Applications Conference (ASYU),conferencia,,978-1-7281-9136-2,2020,True,ISBN
"IEEE Transactions on Systems, Man, and Cybernetics: Systems",periodico,2168-2232,,2022,True,ISSN
2023 International Conference on Advancement in Computation & Computer Technologies (InCACCT),conferencia,,979-8-3503-9648-5,2023,True,ISBN
"2019 IEEE 4th Advanced Information Technology, Electronic and Automation Control Conference (IAEAC)",conferencia,2381-0947,978-1-7281-1907-6,2019,True,ISBN
"2024 IEEE 48th Annual Computers, Software, and Applications Conference (COMPSAC)",conferencia,2836-3795,979-8-3503-7696-8,2024,True,ISBN
IEEE Transactions on Cloud Computing,periodico,2168-7161,,2024,True,ISSN
"2025 7th International Youth Conference on Radio Electronics, Electrical and Power Engineering (REEPE)",conferencia,2831-7262,979-8-3315-3183-6,2025,True,TITULO_FUZZY_ANO(95)
2024 IEEE 20th International Conference on e-Science (e-Science),conferencia,2325-3703,979-8-3503-6561-0,2024,True,ISBN
2016 IEEE 12th International Conference on e-Science (e-Science),conferencia,,978-1-5090-4273-9,2016,False,
2020 IEEE 5th International Conference on Cloud Computing and Big Data Analytics (ICCCBDA),conferencia,,978-1-7281-6024-5,2020,True,ISBN
Proceedings of the 2015 IEEE 9th International Conference on Semantic Computing (IEEE ICSC 2015),conferencia,,978-1-4799-7935-6,2015,True,ISBN
2021 IEEE International Conference on Emergency Science and Information Technology (ICESIT),conferencia,,978-1-6654-3531-4,2021,True,ISBN
2019 IEEE 3rd Conference on Energy Internet and Energy System Integration (EI2),conferencia,,978-1-7281-3137-5,2019,True,ISBN
2024 6th International Conference on Pattern Analysis and Intelligent Systems (PAIS),conferencia,,979-8-3503-5026-5,2024,True,ISBN
2021 IEEE 16th International Conference on the Experience of Designing and Application of CAD Systems (CADSM),conferencia,2572-7591,978-1-6654-3894-0,2021,False,
2019 Third International Conference on Inventive Systems and Control (ICISC),conferencia,,978-1-5386-3950-4,2019,True,ISBN
"2018 International Conference on Electronics, Control, Optimization and Computer Science (ICECOCS)",conferencia,,978-1-5386-7868-8,2018,True,ISBN
2015 48th Hawaii International Conference on System Sciences,conferencia,1530-1605,978-1-4799-7367-5,2015,True,ISBN
2016 IEEE 16th International Conference on Data Mining Workshops (ICDMW),conferencia,2375-9259,978-1-5090-5910-2,2016,True,ISSN_SERIE
2025 26th International Carpathian Control Conference (ICCC),conferencia,,979-8-3315-0127-3,2025,True,ISBN
2014 IEEE 30th International Conference on Data Engineering Workshops,conferencia,,978-1-4799-3481-2,2014,False,
2017 IEEE International Conference on Prognostics and Health Management (ICPHM),conferencia,,978-1-5090-5710-8,2017,True,ISBN
2022 12th International Conference on Advanced Computer Information Technologies (ACIT),conferencia,2770-5226,978-1-6654-1050-2,2022,True,ISSN_SERIE
2025 IEEE 23rd Jubilee International Symposium on Intelligent Systems and Informatics (SISY),conferencia,1949-0488,979-8-3315-9657-6,2025,True,ISBN
2015 5th International Conference on Information & Communication Technology and Accessibility (ICTA),conferencia,,978-1-4673-8749-1,2015,True,ISBN
2019 3rd International Conference on Trends in Electronics and Informatics (ICOEI),conferencia,,978-1-5386-9439-8,2019,True,ISBN
2019 24th IEEE International Conference on Emerging Technologies and Factory Automation (ETFA),conferencia,1946-0759,978-1-7281-0303-7,2019,True,ISBN
2017 International Electronics Symposium on Knowledge Creation and Intelligent Computing (IES-KCIC),conferencia,,978-1-5386-0716-9,2017,True,ISBN
2020 19th IEEE International Conference on Machine Learning and Applications (ICMLA),conferencia,,978-1-7281-8470-8,2020,True,ISBN
2023 IEEE 31st International Requirements Engineering Conference Workshops (REW),conferencia,2770-6834,979-8-3503-2691-8,2023,True,ISBN
2017 8th IEEE International Conference on Software Engineering and Service Science (ICSESS),conferencia,2327-0594,978-1-5386-0497-7,2017,True,ISSN_SERIE
2022 1st International Conference on Computational Science and Technology (ICCST),conferencia,,978-1-6654-7655-3,2022,True,ISBN
"2023 3rd International Conference on Innovative Research in Applied Science, Engineering and Technology (IRASET)",conferencia,,979-8-3503-9836-6,2023,True,ISBN
2023 IEEE IAS Pulp and Paper Industry Conference (PPIC),conferencia,2575-7555,979-8-3503-0206-6,2023,False,
2019 IEEE 5th World Forum on Internet of Things (WF-IoT),conferencia,,978-1-5386-4980-0,2019,True,ISBN
2015 IEEE International Conference on Big Data (Big Data),conferencia,,978-1-4799-9926-2,2015,False,
2023 Eleventh International Conference on Advanced Cloud and Big Data (CBD),conferencia,,979-8-3503-5337-2,2023,True,ISBN
2024 IEEE 30th International Symposium for Design and Technology in Electronic Packaging (SIITME),conferencia,2642-7036,979-8-3315-3951-1,2024,True,ISBN
2024 3rd International Conference on Energy and Electrical Power Systems (ICEEPS),conferencia,,979-8-3503-7513-8,2024,True,ISBN
2022 IEEE 6th Information Technology and Mechatronics Engineering Conference (ITOEC),conferencia,2693-289X,978-1-6654-3185-9,2022,True,ISBN
2024 50th Euromicro Conference on Software Engineering and Advanced Applications (SEAA),conferencia,2376-9521,979-8-3503-8026-2,2024,True,ISBN
2025 IEEE International Conference on Computing (ICOCO),conferencia,,979-8-3315-7539-7,2025,True,ISBN
2019 IEEE 3rd International Electrical and Energy Conference (CIEEC),conferencia,,978-1-7281-1675-4,2019,True,ISBN
2017 IEEE International Conference on Big Data (Big Data),conferencia,,978-1-5386-2715-0,2017,False,
2006 IEEE International Conference on Services Computing (SCC'06),conferencia,,0-7695-2670-5,2006,False,
2018 19th International Radar Symposium (IRS),conferencia,2155-5753,978-3-7369-9545-1,2018,True,ISBN
2023 IEEE International Symposium on Broadband Multimedia Systems and Broadcasting (BMSB),conferencia,2155-5052,979-8-3503-2152-4,2023,True,ISBN
2019 IEEE International Conference on Bioinformatics and Biomedicine (BIBM),conferencia,,978-1-7281-1867-3,2019,True,ISBN
2015 IEEE/ACM 2nd International Symposium on Big Data Computing (BDC),conferencia,,978-0-7695-5696-3,2015,True,ISBN
2015 11th International Conference on Innovations in Information Technology (IIT),conferencia,,978-1-4673-8511-4,2015,True,ISBN
2021 IEEE 22nd International Conference on Information Reuse and Integration for Data Science (IRI),conferencia,,978-1-6654-3875-9,2021,True,ISBN
2024 4th International Conference on Intelligent Communications and Computing (ICICC),conferencia,,979-8-3315-3036-5,2024,True,ISBN
2022 International Conference on Data Analytics for Business and Industry (ICDABI),conferencia,,978-1-6654-9058-0,2022,True,ISBN
2022 International Conference on Inventive Computation Technologies (ICICT),conferencia,2767-7788,978-1-6654-0837-0,2022,True,ISBN
2022 IEEE 10th Joint International Information Technology and Artificial Intelligence Conference (ITAIC),conferencia,2693-2865,978-1-6654-2207-9,2022,True,ISBN
"2022 IEEE 22nd International Conference on Software Quality, Reliability, and Security Companion (QRS-C)",conferencia,2693-9371,979-8-3503-1991-0,2022,True,ISBN
2016 6th International Conference - Cloud System and Big Data Engineering (Confluence),conferencia,,978-1-4673-8203-8,2016,False,
2024 International Conference on ICT for Smart Society (ICISS),conferencia,,979-8-3503-8965-4,2024,True,ISBN
2013 IEEE 13th International Conference on Data Mining Workshops,conferencia,2375-9259,978-1-4799-3142-2,2013,True,ISSN_SERIE
2017 IEEE Frontiers in Education Conference (FIE),conferencia,,978-1-5090-5920-1,2017,False,
2022 IEEE International Smart Cities Conference (ISC2),conferencia,2687-8860,978-1-6654-8561-6,2022,True,ISBN
"2023 Congress in Computer Science, Computer Engineering, & Applied Computing (CSCE)",conferencia,,979-8-3503-2759-5,2023,True,ISBN
"2018 IEEE 16th Intl Conf on Dependable, Autonomic and Secure Computing, 16th Intl Conf on Pervasive Intelligence and Computing, 4th Intl Conf on Big Data Intelligence and Computing and Cyber Science and Technology Congress(DASC/PiCom/DataCom/CyberSciTech)",conferencia,,978-1-5386-7518-2,2018,True,ISBN
2019 International Conference on High Performance Computing & Simulation (HPCS),conferencia,,978-1-7281-4484-9,2019,True,ISBN
2024 9th International Conference on Cloud Computing and Big Data Analytics (ICCCBDA),conferencia,2832-3734,979-8-3503-7355-4,2024,True,ISBN
2022 IEEE 38th International Conference on Data Engineering (ICDE),conferencia,2375-026X,978-1-6654-0883-7,2022,True,ISBN
2024 IEEE 18th International Conference on Semantic Computing (ICSC),conferencia,2472-9671,979-8-3503-8535-9,2024,True,ISBN
2022 32nd Conference of Open Innovations Association (FRUCT),conferencia,2305-7254,978-952-69244-8-9,2022,True,ISBN
2019 International Conference on Information and Communications Technology (ICOIACT),conferencia,,978-1-7281-1655-6,2019,True,ISBN
"2021 IEEE 5th Information Technology,Networking,Electronic and Automation Control Conference (ITNEC)",conferencia,2693-3128,978-1-6654-1599-6,2021,True,TITULO_FUZZY_ANO(98)
2016 19th International Conference on Information Fusion (FUSION),conferencia,,978-0-9964-5274-8,2016,True,ISBN
2021 IEEE Third International Conference on Cognitive Machine Intelligence (CogMI),conferencia,,978-1-6654-1621-4,2021,True,ISBN
2022 IEEE 3rd KhPI Week on Advanced Technology (KhPIWeek),conferencia,,979-8-3503-9920-2,2022,True,ISBN
2023 IEEE 6th International Conference on Cloud Computing and Artificial Intelligence: Technologies and Applications (CloudTech),conferencia,,979-8-3503-0306-3,2023,True,ISBN
2024 International Conference on Computer and Applications (ICCA),conferencia,,979-8-3503-6756-0,2024,True,ISBN
2019 IEEE 5th International Conference on Collaboration and Internet Computing (CIC),conferencia,,978-1-7281-6739-8,2019,True,ISBN
2023 IEEE 26th International Conference on Intelligent Transportation Systems (ITSC),conferencia,2153-0017,979-8-3503-9946-2,2023,True,ISBN
"2023 IEEE International Conference on Sensors, Electronics and Computer Engineering (ICSECE)",conferencia,,979-8-3503-1373-4,2023,True,ISBN
2021 IEEE International Workshop on Metrology for Industry 4.0 & IoT (MetroInd4.0&IoT),conferencia,,978-1-6654-1980-2,2021,True,ISBN
2013 IEEE 4th International Conference on Software Engineering and Service Science,conferencia,2327-0594,978-1-4673-5000-6,2013,True,ISSN_SERIE
2024 IEEE/ACM 3rd International Conference on AI Engineering – Software Engineering for AI (CAIN),conferencia,,979-8-4007-0591-5,2024,True,ISBN
2019 IEEE 16th International Conference on Smart Cities: Improving Quality of Life Using ICT & IoT and AI (HONET-ICT),conferencia,1949-4106,978-1-7281-3971-5,2019,True,ISBN
2024 9th International Conference on Smart and Sustainable Technologies (SpliTech),conferencia,,978-953-290-135-1,2024,True,ISBN
2020 International Conference on Intelligent Systems and Computer Vision (ISCV),conferencia,,978-1-7281-8041-0,2020,True,ISBN
2025 10th International Conference on Computer and Communication System (ICCCS),conferencia,2995-3251,979-8-3315-2314-5,2025,True,ISBN
"2020 International Symposium on Networks, Computers and Communications (ISNCC)",conferencia,,978-1-7281-5628-6,2020,True,ISBN
2019 IEEE International Conference on Big Data and Smart Computing (BigComp),conferencia,2375-9356,978-1-5386-7789-6,2019,True,ISBN
2018 IEEE 14th International Conference on e-Science (e-Science),conferencia,,978-1-5386-9156-4,2018,True,ISBN
2021 9th International Conference on Information and Education Technology (ICIET),conferencia,,978-1-6654-1933-8,2021,True,ISBN
2017 36th Chinese Control Conference (CCC),conferencia,1934-1768,978-988-15639-3-4,2017,True,ISBN
IEEE Embedded Systems Letters,periodico,1943-0671,,2023,True,ISSN
2024 IEEE 11th International Conference on Cyber Security and Cloud Computing (CSCloud),conferencia,2693-8928,979-8-3503-7698-2,2024,True,ISBN
"2017 International Conference on Big Data, IoT and Data Science (BID)",conferencia,,978-1-5090-6593-6,2017,True,ISBN
"2019 4th International Conference on Mechanical, Control and Computer Engineering (ICMCCE)",conferencia,,978-1-7281-4689-8,2019,True,ISBN
2023 9th Annual International Conference on Network and Information Systems for Computers (ICNISC),conferencia,,979-8-3503-0668-2,2023,True,ISBN
"2024 IEEE 3rd International Conference on Electrical Engineering, Big Data and Algorithms (EEBDA)",conferencia,,979-8-3503-8098-9,2024,True,ISBN
Proceedings of the 38th Annual Hawaii International Conference on System Sciences,conferencia,1530-1605,0-7695-2268-8,2005,True,ISSN_SERIE
2021 Annual Reliability and Maintainability Symposium (RAMS),conferencia,2577-0993,978-1-7281-8017-5,2021,True,ISBN
2019 45th Euromicro Conference on Software Engineering and Advanced Applications (SEAA),conferencia,,978-1-7281-3421-5,2019,False,
2024 2nd International Conference on Intelligent Data Communication Technologies and Internet of Things (IDCIoT),conferencia,,979-8-3503-2753-3,2024,True,ISBN
2024 International Conference on Advances in Electrical Engineering and Computer Applications (AEECA),conferencia,,979-8-3503-5526-0,2024,False,
IEEE/ACM Transactions on Computational Biology and Bioinformatics,periodico,1557-9964,,2024,True,ISSN
2022 26th International Conference on Information Technology (IT),conferencia,,978-1-6654-2127-0,2022,True,ISBN
2024 4th International Conference on Smart Grid and Energy Internet (SGEI),conferencia,,979-8-3503-6831-4,2024,True,ISBN
2023 16th International Conference on Developments in eSystems Engineering (DeSE),conferencia,,979-8-3503-8134-4,2023,True,ISBN
2021 ACM/IEEE International Conference on Model Driven Engineering Languages and Systems Companion (MODELS-C),conferencia,,978-1-6654-2484-4,2021,True,ISBN
2022 International Conference on Electrical Machines (ICEM),conferencia,2381-4802,978-1-6654-1432-6,2022,True,ISBN
IEEE Journal of Selected Topics in Signal Processing,periodico,1941-0484,,2022,True,ISSN
"2017 IEEE SmartWorld, Ubiquitous Intelligence & Computing, Advanced & Trusted Computed, Scalable Computing & Communications, Cloud & Big Data Computing, Internet of People and Smart City Innovation (SmartWorld/SCALCOM/UIC/ATC/CBDCom/IOP/SCI)",conferencia,,978-1-5386-0435-9,2017,False,
2021 6th International Conference on Innovative Technology in Intelligent System and Industrial Applications (CITISIA),conferencia,,978-1-6654-1784-6,2021,True,ISBN
"2022 International Conference on Electrical, Computer and Energy Technologies (ICECET)",conferencia,,978-1-6654-7087-2,2022,True,ISBN
2023 IEEE International Conference on Digital Health (ICDH),conferencia,,979-8-3503-4103-4,2023,True,ISBN
2018 International Workshop on Big Geospatial Data and Data Science (BGDDS),conferencia,,978-1-5386-1437-2,2018,True,ISBN
2015 16th IEEE International Conference on Mobile Data Management,conferencia,2375-0324,978-1-4799-9972-9,2015,True,ISBN
IPSN-14 Proceedings of the 13th International Symposium on Information Processing in Sensor Networks,conferencia,,978-1-4799-3147-7,2014,False,
2016 18th International Conference on Transparent Optical Networks (ICTON),conferencia,2161-2064,978-1-5090-1467-5,2016,True,ISBN
2019 National Information Technology Conference (NITC),conferencia,2279-3895,978-1-7281-5569-2,2019,True,ISBN
2024 International Conference on INnovations in Intelligent SysTems and Applications (INISTA),conferencia,2768-7295,979-8-3503-6813-0,2024,True,ISBN
2022 IEEE International Conference on Blockchain (Blockchain),conferencia,,978-1-6654-6104-7,2022,True,ISBN
2019 IEEE International Conference on Computational Science and Engineering (CSE) and IEEE International Conference on Embedded and Ubiquitous Computing (EUC),conferencia,,978-1-7281-1664-8,2019,False,
"2025 IEEE/ACIS 29th International Conference on Software Engineering, Artificial Intelligence, Networking and Parallel/Distributed Computing (SNPD)",conferencia,2693-8421,979-8-3315-1258-3,2025,True,ISBN
TENCON 2019 - 2019 IEEE Region 10 Conference (TENCON),conferencia,2159-3450,978-1-7281-1895-6,2019,True,ISBN
2024 IEEE 8th Forum on Research and Technologies for Society and Industry Innovation (RTSI),conferencia,2687-6817,979-8-3503-6213-8,2024,True,ISBN
2023 3rd International Conference on Innovative Practices in Technology and Management (ICIPTM),conferencia,,979-8-3503-3623-8,2023,True,ISBN
2018 International Joint Conference on Neural Networks (IJCNN),conferencia,2161-4407,978-1-5090-6014-6,2018,True,ISBN
2024 International Conference on Smart Technologies for Sustainable Development Goals (ICSTSDG),conferencia,,979-8-3315-1628-4,2024,True,ISBN
